"資料時間","調度前(原始負載)(kW)","調節後負載(kW)","契約容量 (kW)","ESS功率(kW)","SOC(%)"
"2025-11-01 00:00","49.2","11.38","100","37.82","87.55"
"2025-11-01 00:01","48.8","10.54","100","38.26","86.75"
"2025-11-01 00:02","40.78","3.81","100","36.97","85.95"
"2025-11-01 00:03","35.91","10.48","100","25.43","85.25"
"2025-11-01 00:04","36.55","10.5","100","26.05","84.75"
"2025-11-01 00:05","40.96","14.4","100","26.56","84.25"
"2025-11-01 00:06","37.11","10.47","100","26.64","83.65"
"2025-11-01 00:07","35.4","8.79","100","26.61","83.15"
"2025-11-01 00:08","46.02","11.79","100","34.23","82.6"
"2025-11-01 00:09","46.56","10.84","100","35.72","81.95"
"2025-11-01 00:10","44.94","8.65","100","36.29","81.25"
"2025-11-01 00:11","35","10.72","100","24.28","80.65"
"2025-11-01 00:12","38.32","9.72","100","28.6","80.2"
"2025-11-01 00:13","38.85","11.84","100","27.01","79.75"
"2025-11-01 00:14","38.11","10.35","100","27.76","79.25"
"2025-11-01 00:15","36.76","8.7","100","28.06","78.8"
"2025-11-01 00:16","46.3","14.89","100","31.41","78.3"
"2025-11-01 00:17","47.35","10.9","100","36.45","77.75"
"2025-11-01 00:18","49.11","11.67","100","37.44","77.1"
"2025-11-01 00:19","40.77","5.44","100","35.33","76.5"
"2025-11-01 00:20","36.18","8.71","100","27.47","75.95"
"2025-11-01 00:21","37.21","10.45","100","26.76","75.45"
"2025-11-01 00:22","37.7","10.66","100","27.04","75"
"2025-11-01 00:23","39.36","10.72","100","28.64","74.55"
"2025-11-01 00:24","42.94","10.24","100","32.7","74.05"
"2025-11-01 00:25","46.77","10.64","100","36.13","73.45"
"2025-11-01 00:26","44.72","10.2","100","34.52","72.85"
"2025-11-01 00:27","40.51","5.51","100","35","72.25"
"2025-11-01 00:28","37.88","11.33","100","26.55","71.7"
"2025-11-01 00:29","36.34","10.96","100","25.38","71.25"
"2025-11-01 00:30","35.65","8.71","100","26.94","70.8"
"2025-11-01 00:31","35.17","10.81","100","24.36","70.35"
"2025-11-01 00:32","41.42","17.64","100","23.78","69.95"
"2025-11-01 00:33","45.55","10.68","100","34.87","69.5"
"2025-11-01 00:34","44.89","9.57","100","35.32","68.9"
"2025-11-01 00:35","45.96","10.22","100","35.74","68.3"
"2025-11-01 00:36","34.7","9.2","100","25.5","67.75"
"2025-11-01 00:37","37.34","13.18","100","24.16","67.3"
"2025-11-01 00:38","38.21","10.6","100","27.61","66.85"
"2025-11-01 00:39","36.12","8.97","100","27.15","66.4"
"2025-11-01 00:40","35.83","10.23","100","25.6","65.95"
"2025-11-01 00:41","52.95","15.81","100","37.14","65.45"
"2025-11-01 00:42","55.9","12.19","100","43.71","64.8"
"2025-11-01 00:43","55.98","10.5","100","45.48","64.05"
"2025-11-01 00:44","41.1","8.76","100","32.34","63.3"
"2025-11-01 00:45","40.01","10.32","100","29.69","62.75"
"2025-11-01 00:46","39.67","9.47","100","30.2","62.25"
"2025-11-01 00:47","40.81","10.94","100","29.87","61.75"
"2025-11-01 00:48","40.99","10.46","100","30.53","61.2"
"2025-11-01 00:49","45.15","10.37","100","34.78","60.65"
"2025-11-01 00:50","47.78","10.57","100","37.21","60.05"
"2025-11-01 00:51","46.93","10.33","100","36.6","59.45"
"2025-11-01 00:52","42.47","5.5","100","36.97","58.8"
"2025-11-01 00:53","39.3","11.25","100","28.05","58.15"
"2025-11-01 00:54","38.05","10.51","100","27.54","57.7"
"2025-11-01 00:55","39.98","10.27","100","29.71","57.2"
"2025-11-01 00:56","38.06","10.7","100","27.36","56.75"
"2025-11-01 00:57","37.7","10.18","100","27.52","56.25"
"2025-11-01 00:58","43.08","9.66","100","33.42","55.75"
"2025-11-01 00:59","43.59","10.86","100","32.729","55.2"
"2025-11-01 01:00","43.51","10.58","100","32.93","54.6"
"2025-11-01 01:01","35.08","11.56","100","23.52","54.1"
"2025-11-01 01:02","33.89","10.45","100","23.44","53.7"
"2025-11-01 01:03","34.66","8.94","100","25.72","53.3"
"2025-11-01 01:04","34.3","11.28","100","23.02","52.85"
"2025-11-01 01:05","36.26","11.25","100","25.01","52.45"
"2025-11-01 01:06","48.16","11.65","100","36.51","51.95"
"2025-11-01 01:07","48.94","10.38","100","38.56","51.3"
"2025-11-01 01:08","44.17","10.24","100","33.93","50.7"
"2025-11-01 01:09","32.55","10.15","100","22.4","50.1"
"2025-11-01 01:10","36.44","10.07","100","26.37","49.7"
"2025-11-01 01:11","38.79","11.03","100","27.76","49.25"
"2025-11-01 01:12","38.44","10.38","100","28.06","48.75"
"2025-11-01 01:13","38.42","10.54","100","27.88","48.25"
"2025-11-01 01:14","41.36","10.75","100","30.61","47.8"
"2025-11-01 01:15","46.59","10.49","100","36.1","47.25"
"2025-11-01 01:16","48.27","10.83","100","37.44","46.6"
"2025-11-01 01:17","47.79","12.9","100","34.89","46"
"2025-11-01 01:18","42.33","10.64","100","31.69","45.4"
"2025-11-01 01:19","41.48","10.26","100","31.22","44.85"
"2025-11-01 01:20","40.84","10.31","100","30.53","44.3"
"2025-11-01 01:21","44.7","12.2","100","32.5","43.8"
"2025-11-01 01:22","51.09","17.45","100","33.64","43.2"
"2025-11-01 01:23","53.85","10.99","100","42.86","42.6"
"2025-11-01 01:24","54.41","10.52","100","43.89","41.85"
"2025-11-01 01:25","54.57","11.87","100","42.7","41.1"
"2025-11-01 01:26","39.9","10.15","100","29.75","40.4"
"2025-11-01 01:27","34.65","10.22","100","24.43","39.9"
"2025-11-01 01:28","34.98","10.62","100","24.36","39.45"
"2025-11-01 01:29","35.73","11.16","100","24.57","39.05"
"2025-11-01 01:30","37.44","10.4","100","27.04","38.65"
"2025-11-01 01:31","49.74","16.61","100","33.13","38.15"
"2025-11-01 01:32","47.98","10.12","100","37.86","37.55"
"2025-11-01 01:33","46.22","10.37","100","35.85","36.9"
"2025-11-01 01:34","36.48","10.92","100","25.56","36.3"
"2025-11-01 01:35","39.37","11.36","100","28.01","35.85"
"2025-11-01 01:36","39.96","11.67","100","28.29","35.4"
"2025-11-01 01:37","38.76","10.47","100","28.29","34.9"
"2025-11-01 01:38","35.92","10.59","100","25.33","34.4"
"2025-11-01 01:39","43.49","10.34","100","33.15","33.95"
"2025-11-01 01:40","50.84","10.33","100","40.51","33.35"
"2025-11-01 01:41","49.42","9.57","100","39.85","32.65"
"2025-11-01 01:42","44.19","9.94","100","34.25","31.95"
"2025-11-01 01:43","38.99","10.39","100","28.6","31.4"
"2025-11-01 01:44","38.35","11.75","100","26.6","30.9"
"2025-11-01 01:45","39.67","10.53","100","29.14","30.45"
"2025-11-01 01:46","38.35","10.43","100","27.92","29.95"
"2025-11-01 01:47","45.09","17.1","100","27.99","29.45"
"2025-11-01 01:48","49.69","10.44","100","39.25","28.95"
"2025-11-01 01:49","49.76","10.51","100","39.25","28.25"
"2025-11-01 01:50","45.7","9.55","100","36.15","27.55"
"2025-11-01 01:51","36.17","10.3","100","25.87","26.95"
"2025-11-01 01:52","35","9.13","100","25.87","26.55"
"2025-11-01 01:53","36.3","10.93","100","25.37","26.1"
"2025-11-01 01:54","38.78","10.47","100","28.31","25.65"
"2025-11-01 01:55","35.12","6.79","100","28.33","25.15"
"2025-11-01 01:56","42.88","15.12","100","27.76","24.65"
"2025-11-01 01:57","42.28","9.38","100","32.9","24.15"
"2025-11-01 01:58","43.68","11.31","100","32.369","23.55"
"2025-11-01 01:59","36.13","11.88","100","24.25","23"
"2025-11-01 02:00","35.77","11.39","100","24.38","22.6"
"2025-11-01 02:01","36.29","11.6","100","24.69","22.15"
"2025-11-01 02:02","35.84","11.07","100","24.77","21.7"
"2025-11-01 02:03","37.77","11.81","100","25.96","21.25"
"2025-11-01 02:04","42.29","12.04","100","30.25","20.75"
"2025-11-01 02:05","46.78","12.12","100","34.66","20.2"
"2025-11-01 02:06","44.65","10.35","100","34.3","19.55"
"2025-11-01 02:07","37.7","7.31","100","30.39","18.95"
"2025-11-01 02:08","39.08","10.95","100","28.13","18.4"
"2025-11-01 02:09","39.35","11.33","100","28.02","17.9"
"2025-11-01 02:10","39.35","12.22","100","27.13","17.4"
"2025-11-01 02:11","38.89","11.58","100","27.31","16.9"
"2025-11-01 02:12","41.93","16.58","100","25.35","16.4"
"2025-11-01 02:13","49.37","11.7","100","37.67","15.9"
"2025-11-01 02:14","49.87","11.65","100","38.22","15.25"
"2025-11-01 02:15","41.9","6.53","100","35.37","14.55"
"2025-11-01 02:16","37.15","11.28","100","25.87","13.9"
"2025-11-01 02:17","38.84","12.13","100","26.71","13.45"
"2025-11-01 02:18","40.19","11.42","100","28.77","12.95"
"2025-11-01 02:19","39.69","11.49","100","28.2","12.4"
"2025-11-01 02:20","37.56","33.53","100","4.03","11.95"
"2025-11-01 02:21","49.71","55.31","100","-5.6","11.9"
"2025-11-01 02:22","49.81","51.48","100","-1.67","12"
"2025-11-01 02:23","49.81","48.85","100","0.96","11.95"
"2025-11-01 02:24","35.71","37.38","100","-1.67","11.95"
"2025-11-01 02:25","36.22","37.89","100","-1.67","11.95"
"2025-11-01 02:26","36.5","38.17","100","-1.67","11.95"
"2025-11-01 02:27","37.64","39.31","100","-1.67","11.95"
"2025-11-01 02:28","38.97","40.64","100","-1.67","11.95"
"2025-11-01 02:29","43.68","45.35","100","-1.67","11.95"
"2025-11-01 02:30","47.27","48.93","100","-1.66","11.95"
"2025-11-01 02:31","46","47.66","100","-1.66","11.95"
"2025-11-01 02:32","37.44","39.11","100","-1.67","11.95"
"2025-11-01 02:33","37.04","38.71","100","-1.67","11.95"
"2025-11-01 02:34","36.48","38.15","100","-1.67","11.95"
"2025-11-01 02:35","40.07","41.74","100","-1.67","11.95"
"2025-11-01 02:36","48.27","49.94","100","-1.67","11.95"
"2025-11-01 02:37","48.36","50.03","100","-1.67","11.95"
"2025-11-01 02:38","54.65","56.32","100","-1.67","11.95"
"2025-11-01 02:39","50.83","51.53","100","-0.7","11.95"
"2025-11-01 02:40","46.2","46.9","100","-0.7","11.95"
"2025-11-01 02:41","42.23","42.93","100","-0.7","11.95"
"2025-11-01 02:42","43.78","44.48","100","-0.7","11.95"
"2025-11-01 02:43","43.82","44.52","100","-0.7","11.95"
"2025-11-01 02:44","41.13","41.83","100","-0.7","11.95"
"2025-11-01 02:45","42.19","42.88","100","-0.69","11.95"
"2025-11-01 02:46","52.96","53.65","100","-0.69","11.95"
"2025-11-01 02:47","51.96","52.66","100","-0.7","11.95"
"2025-11-01 02:48","49.49","50.18","100","-0.69","11.95"
"2025-11-01 02:49","39.85","40.54","100","-0.69","11.95"
"2025-11-01 02:50","39.17","39.86","100","-0.69","11.95"
"2025-11-01 02:51","40.79","41.48","100","-0.69","11.95"
"2025-11-01 02:52","40.71","41.41","100","-0.7","11.95"
"2025-11-01 02:53","37.24","37.93","100","-0.69","11.95"
"2025-11-01 02:54","41.79","42.48","100","-0.69","11.95"
"2025-11-01 02:55","46.63","47.32","100","-0.69","11.95"
"2025-11-01 02:56","47.5","48.2","100","-0.7","11.95"
"2025-11-01 02:57","35.4","36.1","100","-0.7","11.95"
"2025-11-01 02:58","35.52","36.21","100","-0.69","11.95"
"2025-11-01 02:59","37.15","37.85","100","-0.7","11.95"
"2025-11-01 03:00","38.62","39.32","100","-0.7","11.95"
"2025-11-01 03:01","41.91","42.61","100","-0.7","11.95"
"2025-11-01 03:02","44.3","45","100","-0.7","11.95"
"2025-11-01 03:03","47.7","48.39","100","-0.69","11.95"
"2025-11-01 03:04","46.42","47.11","100","-0.69","11.95"
"2025-11-01 03:05","45.61","46.3","100","-0.69","11.95"
"2025-11-01 03:06","39.53","40.22","100","-0.69","11.95"
"2025-11-01 03:07","38.84","39.54","100","-0.7","11.95"
"2025-11-01 03:08","38.87","39.56","100","-0.69","11.95"
"2025-11-01 03:09","39.28","39.98","100","-0.7","11.95"
"2025-11-01 03:10","44.5","45.2","100","-0.7","11.95"
"2025-11-01 03:11","49.75","50.45","100","-0.7","11.95"
"2025-11-01 03:12","51.05","51.74","100","-0.69","11.95"
"2025-11-01 03:13","46.11","46.8","100","-0.69","11.95"
"2025-11-01 03:14","42.95","43.65","100","-0.7","11.95"
"2025-11-01 03:15","43.36","44.06","100","-0.7","11.95"
"2025-11-01 03:16","42.41","43.11","100","-0.7","11.95"
"2025-11-01 03:17","43.8","44.5","100","-0.7","11.95"
"2025-11-01 03:18","43.27","43.96","100","-0.69","11.95"
"2025-11-01 03:19","52.82","53.51","100","-0.69","11.95"
"2025-11-01 03:20","51.66","52.35","100","-0.69","11.95"
"2025-11-01 03:21","48.33","49.03","100","-0.7","11.95"
"2025-11-01 03:22","38.66","39.36","100","-0.7","11.95"
"2025-11-01 03:23","41.25","41.95","100","-0.7","11.95"
"2025-11-01 03:24","42.97","43.67","100","-0.7","11.95"
"2025-11-01 03:25","43.21","43.9","100","-0.69","11.95"
"2025-11-01 03:26","38.7","39.4","100","-0.7","11.95"
"2025-11-01 03:27","43.59","44.28","100","-0.69","11.95"
"2025-11-01 03:28","49.59","50.28","100","-0.69","11.95"
"2025-11-01 03:29","49.95","50.64","100","-0.69","11.95"
"2025-11-01 03:30","38.23","38.92","100","-0.69","11.95"
"2025-11-01 03:31","38.59","39.28","100","-0.69","11.95"
"2025-11-01 03:32","37.82","38.51","100","-0.69","11.95"
"2025-11-01 03:33","44.58","45.27","100","-0.69","11.95"
"2025-11-01 03:34","44.56","45.25","100","-0.69","11.95"
"2025-11-01 03:35","49.05","49.74","100","-0.69","11.95"
"2025-11-01 03:36","54.07","54.76","100","-0.69","11.95"
"2025-11-01 03:37","54.04","54.73","100","-0.69","11.95"
"2025-11-01 03:38","47.02","47.71","100","-0.69","11.95"
"2025-11-01 03:39","42.6","43.3","100","-0.7","11.95"
"2025-11-01 03:40","42.31","43.01","100","-0.7","11.95"
"2025-11-01 03:41","44.28","44.98","100","-0.7","11.95"
"2025-11-01 03:42","44.81","45.5","100","-0.69","11.95"
"2025-11-01 03:43","42.44","43.14","100","-0.7","11.95"
"2025-11-01 03:44","50.05","50.74","100","-0.69","11.95"
"2025-11-01 03:45","49.63","50.32","100","-0.69","11.95"
"2025-11-01 03:46","49.32","50.02","100","-0.7","11.95"
"2025-11-01 03:47","40.88","41.57","100","-0.69","11.95"
"2025-11-01 03:48","39.77","40.46","100","-0.69","11.95"
"2025-11-01 03:49","41.64","42.34","100","-0.7","11.95"
"2025-11-01 03:50","38.33","39.02","100","-0.69","11.95"
"2025-11-01 03:51","38.51","39.21","100","-0.7","11.95"
"2025-11-01 03:52","49.39","50.09","100","-0.7","11.95"
"2025-11-01 03:53","45.99","46.69","100","-0.7","11.95"
"2025-11-01 03:54","45.62","46.32","100","-0.7","11.95"
"2025-11-01 03:55","36.05","36.75","100","-0.7","11.95"
"2025-11-01 03:56","36.57","37.27","100","-0.7","11.95"
"2025-11-01 03:57","37.64","38.34","100","-0.7","11.95"
"2025-11-01 03:58","37.85","38.54","100","-0.69","11.95"
"2025-11-01 03:59","39.02","39.72","100","-0.7","11.95"
"2025-11-01 04:00","45.44","46.13","100","-0.69","11.95"
"2025-11-01 04:01","50.48","51.17","100","-0.69","11.95"
"2025-11-01 04:02","52.09","52.78","100","-0.69","11.95"
"2025-11-01 04:03","47.56","48.25","100","-0.69","11.95"
"2025-11-01 04:04","43.09","43.78","100","-0.69","11.95"
"2025-11-01 04:05","45.85","46.55","100","-0.7","11.95"
"2025-11-01 04:06","45.86","46.56","100","-0.7","11.95"
"2025-11-01 04:07","43.21","43.91","100","-0.7","11.95"
"2025-11-01 04:08","42.37","43.07","100","-0.7","11.95"
"2025-11-01 04:09","49.66","50.35","100","-0.69","11.95"
"2025-11-01 04:10","51.23","51.92","100","-0.69","11.95"
"2025-11-01 04:11","49.98","50.68","100","-0.7","11.95"
"2025-11-01 04:12","42.77","43.46","100","-0.69","11.95"
"2025-11-01 04:13","44.38","45.08","100","-0.7","11.95"
"2025-11-01 04:14","45.16","45.86","100","-0.7","11.95"
"2025-11-01 04:15","42.84","43.54","100","-0.7","11.95"
"2025-11-01 04:16","38.92","39.62","100","-0.7","11.95"
"2025-11-01 04:17","49.31","50","100","-0.69","11.95"
"2025-11-01 04:18","44.73","45.43","100","-0.7","11.95"
"2025-11-01 04:19","46.97","47.67","100","-0.7","11.95"
"2025-11-01 04:20","34.9","35.6","100","-0.7","11.95"
"2025-11-01 04:21","35.65","36.35","100","-0.7","11.95"
"2025-11-01 04:22","37.12","37.81","100","-0.69","11.95"
"2025-11-01 04:23","38.39","39.09","100","-0.7","11.95"
"2025-11-01 04:24","38.4","39.1","100","-0.7","11.95"
"2025-11-01 04:25","41.96","42.65","100","-0.69","11.95"
"2025-11-01 04:26","46.19","46.89","100","-0.7","11.95"
"2025-11-01 04:27","45.94","46.63","100","-0.69","11.95"
"2025-11-01 04:28","42.86","43.56","100","-0.7","11.95"
"2025-11-01 04:29","38.41","39.11","100","-0.7","11.95"
"2025-11-01 04:30","43.83","44.53","100","-0.7","11.95"
"2025-11-01 04:31","42.6","43.3","100","-0.7","11.95"
"2025-11-01 04:32","41.16","41.86","100","-0.7","11.95"
"2025-11-01 04:33","41.7","42.4","100","-0.7","11.95"
"2025-11-01 04:34","51.1","51.79","100","-0.69","11.95"
"2025-11-01 04:35","52.79","53.49","100","-0.7","11.95"
"2025-11-01 04:36","52.85","53.54","100","-0.69","11.95"
"2025-11-01 04:37","43.91","44.61","100","-0.7","11.95"
"2025-11-01 04:38","42.97","43.66","100","-0.69","11.95"
"2025-11-01 04:39","40.81","41.51","100","-0.7","11.95"
"2025-11-01 04:40","39.09","39.79","100","-0.7","11.95"
"2025-11-01 04:41","39.53","40.22","100","-0.69","11.95"
"2025-11-01 04:42","50.41","51.11","100","-0.7","11.95"
"2025-11-01 04:43","51.37","52.07","100","-0.7","11.95"
"2025-11-01 04:44","50.43","51.13","100","-0.7","11.95"
"2025-11-01 04:45","41.34","42.04","100","-0.7","11.95"
"2025-11-01 04:46","40.65","41.35","100","-0.7","11.95"
"2025-11-01 04:47","44.45","45.15","100","-0.7","11.95"
"2025-11-01 04:48","40.37","41.06","100","-0.69","11.95"
"2025-11-01 04:49","40.9","41.6","100","-0.7","11.95"
"2025-11-01 04:50","46.59","47.29","100","-0.7","11.95"
"2025-11-01 04:51","52.94","53.63","100","-0.69","11.95"
"2025-11-01 04:52","50.9","51.6","100","-0.7","11.95"
"2025-11-01 04:53","44.45","45.15","100","-0.7","11.95"
"2025-11-01 04:54","37.06","37.76","100","-0.7","11.95"
"2025-11-01 04:55","38.72","39.42","100","-0.7","11.95"
"2025-11-01 04:56","38.71","39.41","100","-0.7","11.95"
"2025-11-01 04:57","36.2","36.9","100","-0.7","11.95"
"2025-11-01 04:58","36.93","37.63","100","-0.7","11.95"
"2025-11-01 04:59","50.96","51.66","100","-0.7","11.95"
"2025-11-01 05:00","52.15","52.85","100","-0.7","11.95"
"2025-11-01 05:01","51.55","52.24","100","-0.69","11.95"
"2025-11-01 05:02","41.25","41.95","100","-0.7","11.95"
"2025-11-01 05:03","41.59","42.29","100","-0.7","11.95"
"2025-11-01 05:04","42.71","43.41","100","-0.7","11.95"
"2025-11-01 05:05","43.71","44.41","100","-0.7","11.95"
"2025-11-01 05:06","41.32","42.02","100","-0.7","11.95"
"2025-11-01 05:07","48.98","49.68","100","-0.7","11.95"
"2025-11-01 05:08","49.29","49.98","100","-0.69","11.95"
"2025-11-01 05:09","50.35","51.04","100","-0.69","11.95"
"2025-11-01 05:10","39.91","40.61","100","-0.7","11.95"
"2025-11-01 05:11","40.96","41.66","100","-0.7","11.95"
"2025-11-01 05:12","41.6","42.3","100","-0.7","11.95"
"2025-11-01 05:13","45.07","45.77","100","-0.7","11.95"
"2025-11-01 05:14","42.75","43.45","100","-0.7","11.95"
"2025-11-01 05:15","42.24","42.94","100","-0.7","11.95"
"2025-11-01 05:16","46.44","47.14","100","-0.7","11.95"
"2025-11-01 05:17","48.17","48.86","100","-0.69","11.95"
"2025-11-01 05:18","43.66","44.36","100","-0.7","11.95"
"2025-11-01 05:19","39.06","39.76","100","-0.7","11.95"
"2025-11-01 05:20","37.12","37.81","100","-0.69","11.95"
"2025-11-01 05:21","37.99","38.69","100","-0.7","11.95"
"2025-11-01 05:22","38.44","39.14","100","-0.7","11.95"
"2025-11-01 05:23","38.42","39.12","100","-0.7","11.95"
"2025-11-01 05:24","46.92","47.62","100","-0.7","11.95"
"2025-11-01 05:25","46.58","47.27","100","-0.69","11.95"
"2025-11-01 05:26","46","46.7","100","-0.7","11.95"
"2025-11-01 05:27","42.3","42.99","100","-0.69","11.95"
"2025-11-01 05:28","42.79","43.49","100","-0.7","11.95"
"2025-11-01 05:29","46.24","46.94","100","-0.7","11.95"
"2025-11-01 05:30","45.79","46.48","100","-0.69","11.95"
"2025-11-01 05:31","44.64","45.33","100","-0.69","11.95"
"2025-11-01 05:32","54.13","54.82","100","-0.69","11.95"
"2025-11-01 05:33","53.78","54.48","100","-0.7","11.95"
"2025-11-01 05:34","52.53","53.23","100","-0.7","11.95"
"2025-11-01 05:35","41.53","42.23","100","-0.7","11.95"
"2025-11-01 05:36","43.4","44.1","100","-0.7","11.95"
"2025-11-01 05:37","43.19","43.89","100","-0.7","11.95"
"2025-11-01 05:38","40.93","41.63","100","-0.7","11.95"
"2025-11-01 05:39","41.13","41.82","100","-0.69","11.95"
"2025-11-01 05:40","46.48","47.18","100","-0.7","11.95"
"2025-11-01 05:41","52.65","53.35","100","-0.7","11.95"
"2025-11-01 05:42","51.93","52.62","100","-0.69","11.95"
"2025-11-01 05:43","43.73","44.43","100","-0.7","11.95"
"2025-11-01 05:44","38.99","39.68","100","-0.69","11.95"
"2025-11-01 05:45","40.24","40.93","100","-0.69","11.95"
"2025-11-01 05:46","39.91","40.61","100","-0.7","11.95"
"2025-11-01 05:47","40.77","41.47","100","-0.7","11.95"
"2025-11-01 05:48","40.05","40.75","100","-0.7","11.95"
"2025-11-01 05:49","47.76","48.46","100","-0.7","11.95"
"2025-11-01 05:50","48.45","49.14","100","-0.69","11.95"
"2025-11-01 05:51","46","46.69","100","-0.69","11.95"
"2025-11-01 05:52","36.88","37.58","100","-0.7","11.95"
"2025-11-01 05:53","39.73","40.43","100","-0.7","11.95"
"2025-11-01 05:54","39.55","40.25","100","-0.7","11.95"
"2025-11-01 05:55","43.67","44.36","100","-0.69","11.95"
"2025-11-01 05:56","41.91","42.61","100","-0.7","11.95"
"2025-11-01 05:57","52.72","53.42","100","-0.7","11.95"
"2025-11-01 05:58","52.5","53.2","100","-0.7","11.95"
"2025-11-01 05:59","55.13","55.83","100","-0.7","11.95"
"2025-11-01 06:00","44.74","88.37","100","-43.63","12"
"2025-11-01 06:01","43.3","94.27","100","-50.97","12.8"
"2025-11-01 06:02","43.16","94.53","100","-51.37","13.55"
"2025-11-01 06:03","42.71","94.38","100","-51.67","14.4"
"2025-11-01 06:04","42.87","93.05","100","-50.18","15.1"
"2025-11-01 06:05","49.64","93.43","100","-43.79","15.8"
"2025-11-01 06:06","53.8","92.1","100","-38.3","16.5"
"2025-11-01 06:07","55.43","93.2","100","-37.77","17"
"2025-11-01 06:08","50.54","89.77","100","-39.23","17.6"
"2025-11-01 06:09","42.41","91.81","100","-49.4","18.2"
"2025-11-01 06:10","40.39","92.48","100","-52.09","18.9"
"2025-11-01 06:11","38.24","90.27","100","-52.03","19.65"
"2025-11-01 06:12","38.18","90.22","100","-52.04","20.4"
"2025-11-01 06:13","40.32","92.37","100","-52.05","21.15"
"2025-11-01 06:14","49.21","92.11","100","-42.9","21.9"
"2025-11-01 06:15","48.47","93.16","100","-44.69","22.5"
"2025-11-01 06:16","49.29","93.42","100","-44.13","23.15"
"2025-11-01 06:17","41.68","93.2","100","-51.52","23.85"
"2025-11-01 06:18","42.09","93.64","100","-51.55","24.55"
"2025-11-01 06:19","39.34","90.88","100","-51.54","25.3"
"2025-11-01 06:20","37.26","88.78","100","-51.52","26.05"
"2025-11-01 06:21","37.36","88.51","100","-51.15","26.75"
"2025-11-01 06:22","49.27","98.43","100","-49.16","27.55"
"2025-11-01 06:23","49.94","92.72","100","-42.78","28.2"
"2025-11-01 06:24","53.4","92.63","100","-39.23","28.85"
"2025-11-01 06:25","41.44","88.65","100","-47.21","29.4"
"2025-11-01 06:26","41.96","92.98","100","-51.02","30.1"
"2025-11-01 06:27","41.4","92.44","100","-51.04","30.8"
"2025-11-01 06:28","47.33","98.34","100","-51.01","31.55"
"2025-11-01 06:29","41.06","92.07","100","-51.01","32.3"
"2025-11-01 06:30","47.86","94.01","100","-46.15","33"
"2025-11-01 06:31","55.3","93.56","100","-38.26","33.65"
"2025-11-01 06:32","53.29","93.38","100","-40.09","34.2"
"2025-11-01 06:33","47.15","88.59","100","-41.44","34.8"
"2025-11-01 06:34","41.75","92.97","100","-51.22","35.4"
"2025-11-01 06:35","41.64","92.83","100","-51.19","36.1"
"2025-11-01 06:36","43.08","94.2","100","-51.12","36.9"
"2025-11-01 06:37","41.74","93.03","100","-51.29","37.6"
"2025-11-01 06:38","40.86","92.12","100","-51.26","38.35"
"2025-11-01 06:39","51.36","93.96","100","-42.6","39.1"
"2025-11-01 06:40","48.2","93.7","100","-45.5","39.7"
"2025-11-01 06:41","49.06","94.02","100","-44.96","40.35"
"2025-11-01 06:42","38.48","89.77","100","-51.29","41"
"2025-11-01 06:43","38.69","90.84","100","-52.15","41.75"
"2025-11-01 06:44","39.26","91.41","100","-52.15","42.5"
"2025-11-01 06:45","41.92","94.23","100","-52.31","43.2"
"2025-11-01 06:46","42.59","94.85","100","-52.26","43.95"
"2025-11-01 06:47","52.41","99.74","100","-47.33","44.65"
"2025-11-01 06:48","52.75","94.06","100","-41.31","45.3"
"2025-11-01 06:49","49.67","94.64","100","-44.97","45.9"
"2025-11-01 06:50","38.46","89.43","100","-50.97","46.55"
"2025-11-01 06:51","37.43","89.77","100","-52.34","47.25"
"2025-11-01 06:52","40.2","92.53","100","-52.33","48.05"
"2025-11-01 06:53","42.29","94.56","100","-52.27","48.75"
"2025-11-01 06:54","43.43","95.15","100","-51.72","49.45"
"2025-11-01 06:55","49.43","95.47","100","-46.04","50.15"
"2025-11-01 06:56","51.11","93.3","100","-42.19","50.85"
"2025-11-01 06:57","50.24","94.67","100","-44.43","51.45"
"2025-11-01 06:58","44.91","94.65","100","-49.74","52.05"
"2025-11-01 06:59","43.76","95.73","100","-51.97","52.75"
"2025-11-01 07:00","43.67","93.69","100","-50.02","53.45"
"2025-11-01 07:01","44.59","95.62","100","-51.03","54.15"
"2025-11-01 07:02","45.08","95.29","100","-50.21","54.85"
"2025-11-01 07:03","46.32","96.07","100","-49.75","55.55"
"2025-11-01 07:04","55.08","94.74","100","-39.66","56.25"
"2025-11-01 07:05","53.45","94.85","100","-41.4","56.8"
"2025-11-01 07:06","52.05","94.34","100","-42.29","57.4"
"2025-11-01 07:07","42.76","94.98","100","-52.22","58"
"2025-11-01 07:08","39.04","91.33","100","-52.29","58.75"
"2025-11-01 07:09","38.42","90.8","100","-52.38","59.45"
"2025-11-01 07:10","37.63","90.05","100","-52.42","60.25"
"2025-11-01 07:11","38.62","91.01","100","-52.39","60.95"
"2025-11-01 07:12","47.3","99.46","100","-52.16","61.65"
"2025-11-01 07:13","49.58","93.95","100","-44.37","62.35"
"2025-11-01 07:14","46.01","94.97","100","-48.96","63"
"2025-11-01 07:15","35.81","88.19","100","-52.38","63.65"
"2025-11-01 07:16","37.07","89.45","100","-52.38","64.45"
"2025-11-01 07:17","38.05","90.46","100","-52.41","65.15"
"2025-11-01 07:18","40.68","93.05","100","-52.37","65.85"
"2025-11-01 07:19","37.78","90.19","100","-52.41","66.65"
"2025-11-01 07:20","44","94.66","100","-50.66","67.35"
"2025-11-01 07:21","48.68","94.67","100","-45.99","68.05"
"2025-11-01 07:22","49.67","92.93","100","-43.26","68.65"
"2025-11-01 07:23","44.48","87.84","100","-43.36","69.25"
"2025-11-01 07:24","39.74","92.1","100","-52.36","69.85"
"2025-11-01 07:25","40.28","92.67","100","-52.39","70.65"
"2025-11-01 07:26","41.39","93.78","100","-52.39","71.35"
"2025-11-01 07:27","40.12","92.46","100","-52.34","72.05"
"2025-11-01 07:28","40.02","92.43","100","-52.41","72.8"
"2025-11-01 07:29","47.95","94.11","100","-46.16","73.55"
"2025-11-01 07:30","52.22","98.71","100","-46.49","74.15"
"2025-11-01 07:31","53.85","93.68","100","-39.83","74.75"
"2025-11-01 07:32","43.67","95.41","100","-51.74","75.35"
"2025-11-01 07:33","43.85","94.88","100","-51.03","76.05"
"2025-11-01 07:34","43.36","93.4","100","-50.04","76.75"
"2025-11-01 07:35","45.88","96.85","100","-50.97","77.45"
"2025-11-01 07:36","41.69","94.06","100","-52.37","78.15"
"2025-11-01 07:37","44.02","96.36","100","-52.34","78.95"
"2025-11-01 07:38","43.16","94.73","100","-51.57","79.65"
"2025-11-01 07:39","43.82","94.89","100","-51.07","80.35"
"2025-11-01 07:40","35.95","88.27","100","-52.32","81.05"
"2025-11-01 07:41","35.06","87.4","100","-52.34","81.75"
"2025-11-01 07:42","35.68","88.05","100","-52.37","82.55"
"2025-11-01 07:43","33.99","86.34","100","-52.35","83.25"
"2025-11-01 07:44","36.24","88.54","100","-52.3","83.95"
"2025-11-01 07:45","43.8","96.14","100","-52.34","84.65"
"2025-11-01 07:46","45.67","94.89","100","-49.22","85.4"
"2025-11-01 07:47","46.18","95.31","100","-49.13","86.05"
"2025-11-01 07:48","45.76","89.37","100","-43.61","86.75"
"2025-11-01 07:49","41.57","73.27","100","-31.7","87.35"
"2025-11-01 07:50","47.79","49.5","100","-1.71","87.65"
"2025-11-01 07:51","35.98","37.66","100","-1.68","87.65"
"2025-11-01 07:52","37.65","39.31","100","-1.66","87.65"
"2025-11-01 07:53","38.62","40.28","100","-1.66","87.65"
"2025-11-01 07:54","49.47","51.13","100","-1.66","87.65"
"2025-11-01 07:55","48.16","49.82","100","-1.66","87.65"
"2025-11-01 07:56","47.22","48.88","100","-1.66","87.65"
"2025-11-01 07:57","37.74","39.4","100","-1.66","87.65"
"2025-11-01 07:58","38.99","40.65","100","-1.66","87.65"
"2025-11-01 07:59","39.72","41.37","100","-1.65","87.65"
"2025-11-01 08:00","38.96","40.62","100","-1.66","87.65"
"2025-11-01 08:01","37.79","39.44","100","-1.65","87.65"
"2025-11-01 08:02","46.88","48.52","100","-1.64","87.65"
"2025-11-01 08:03","50.76","52.39","100","-1.63","87.65"
"2025-11-01 08:04","46.99","48.63","100","-1.64","87.65"
"2025-11-01 08:05","37.86","39.5","100","-1.64","87.65"
"2025-11-01 08:06","35.77","36.45","100","-0.68","87.65"
"2025-11-01 08:07","34.39","35.07","100","-0.68","87.65"
"2025-11-01 08:08","34.57","35.25","100","-0.68","87.65"
"2025-11-01 08:09","31.32","32","100","-0.68","87.65"
"2025-11-01 08:10","36.2","36.88","100","-0.68","87.65"
"2025-11-01 08:11","40.98","41.66","100","-0.68","87.65"
"2025-11-01 08:12","42.01","42.69","100","-0.68","87.65"
"2025-11-01 08:13","37.08","37.76","100","-0.68","87.65"
"2025-11-01 08:14","32.27","32.95","100","-0.68","87.65"
"2025-11-01 08:15","32.89","33.57","100","-0.68","87.65"
"2025-11-01 08:16","37.02","37.69","100","-0.67","87.65"
"2025-11-01 08:17","41.54","42.21","100","-0.67","87.65"
"2025-11-01 08:18","40.4","41.07","100","-0.67","87.65"
"2025-11-01 08:19","49.71","50.38","100","-0.67","87.65"
"2025-11-01 08:20","48.37","49.04","100","-0.67","87.65"
"2025-11-01 08:21","46.45","47.12","100","-0.67","87.65"
"2025-11-01 08:22","36.86","37.53","100","-0.67","87.65"
"2025-11-01 08:23","37.28","37.95","100","-0.67","87.65"
"2025-11-01 08:24","36.27","36.94","100","-0.67","87.65"
"2025-11-01 08:25","35.52","36.19","100","-0.67","87.65"
"2025-11-01 08:26","36.36","37.03","100","-0.67","87.65"
"2025-11-01 08:27","45.75","46.41","100","-0.66","87.65"
"2025-11-01 08:28","45.31","45.98","100","-0.67","87.65"
"2025-11-01 08:29","47.2","47.87","100","-0.67","87.65"
"2025-11-01 08:30","39.34","40.01","100","-0.67","87.65"
"2025-11-01 08:31","41.25","41.92","100","-0.67","87.65"
"2025-11-01 08:32","42.35","43.02","100","-0.67","87.65"
"2025-11-01 08:33","35.69","36.36","100","-0.67","87.65"
"2025-11-01 08:34","36.96","37.63","100","-0.67","87.65"
"2025-11-01 08:35","39.47","40.14","100","-0.67","87.65"
"2025-11-01 08:36","45.8","46.47","100","-0.67","87.65"
"2025-11-01 08:37","44.38","45.05","100","-0.67","87.65"
"2025-11-01 08:38","37.84","38.51","100","-0.67","87.65"
"2025-11-01 08:39","30.8","31.47","100","-0.67","87.65"
"2025-11-01 08:40","31.9","32.57","100","-0.67","87.65"
"2025-11-01 08:41","33.28","33.95","100","-0.67","87.65"
"2025-11-01 08:42","32.47","33.14","100","-0.67","87.65"
"2025-11-01 08:43","43.05","43.72","100","-0.67","87.65"
"2025-11-01 08:44","43.34","44.01","100","-0.67","87.65"
"2025-11-01 08:45","48.76","49.42","100","-0.66","87.65"
"2025-11-01 08:46","48.89","49.55","100","-0.66","87.65"
"2025-11-01 08:47","38.79","39.45","100","-0.66","87.65"
"2025-11-01 08:48","39.38","40.04","100","-0.66","87.65"
"2025-11-01 08:49","40.56","41.23","100","-0.67","87.65"
"2025-11-01 08:50","42.48","43.15","100","-0.67","87.65"
"2025-11-01 08:51","41.98","42.63","100","-0.65","87.65"
"2025-11-01 08:52","50.14","50.8","100","-0.66","87.65"
"2025-11-01 08:53","52.95","53.62","100","-0.67","87.65"
"2025-11-01 08:54","53.49","54.16","100","-0.67","87.65"
"2025-11-01 08:55","41.89","42.56","100","-0.67","87.65"
"2025-11-01 08:56","40.95","41.61","100","-0.66","87.65"
"2025-11-01 08:57","38.67","39.34","100","-0.67","87.65"
"2025-11-01 08:58","37.73","38.39","100","-0.66","87.65"
"2025-11-01 08:59","36.82","37.49","100","-0.67","87.65"
"2025-11-01 09:00","41.42","42.08","100","-0.66","87.65"
"2025-11-01 09:01","47.52","48.18","100","-0.66","87.65"
"2025-11-01 09:02","43.1","43.76","100","-0.66","87.65"
"2025-11-01 09:03","37.91","38.57","100","-0.66","87.65"
"2025-11-01 09:04","38.09","38.75","100","-0.66","87.65"
"2025-11-01 09:05","37.86","38.52","100","-0.66","87.65"
"2025-11-01 09:06","38.23","38.89","100","-0.66","87.65"
"2025-11-01 09:07","36.14","36.8","100","-0.66","87.65"
"2025-11-01 09:08","40.43","41.09","100","-0.66","87.65"
"2025-11-01 09:09","45.91","46.58","100","-0.67","87.65"
"2025-11-01 09:10","40.07","40.73","100","-0.66","87.65"
"2025-11-01 09:11","43.12","43.78","100","-0.66","87.65"
"2025-11-01 09:12","33.05","33.71","100","-0.66","87.65"
"2025-11-01 09:13","40.25","40.91","100","-0.66","87.65"
"2025-11-01 09:14","41.99","42.65","100","-0.66","87.65"
"2025-11-01 09:15","47.03","47.69","100","-0.66","87.65"
"2025-11-01 09:16","47.62","48.28","100","-0.66","87.65"
"2025-11-01 09:17","57.28","57.94","100","-0.66","87.65"
"2025-11-01 09:18","63.86","64.52","100","-0.66","87.65"
"2025-11-01 09:19","57.21","57.87","100","-0.66","87.65"
"2025-11-01 09:20","45.42","46.08","100","-0.66","87.65"
"2025-11-01 09:21","44.51","45.17","100","-0.66","87.65"
"2025-11-01 09:22","41.75","42.41","100","-0.66","87.65"
"2025-11-01 09:23","41.64","42.3","100","-0.66","87.65"
"2025-11-01 09:24","41.18","41.84","100","-0.66","87.65"
"2025-11-01 09:25","45.25","45.91","100","-0.66","87.65"
"2025-11-01 09:26","50.7","51.36","100","-0.66","87.65"
"2025-11-01 09:27","49.24","49.9","100","-0.66","87.65"
"2025-11-01 09:28","47.38","48.04","100","-0.66","87.65"
"2025-11-01 09:29","41.42","42.07","100","-0.65","87.65"
"2025-11-01 09:30","35.95","36.61","100","-0.66","87.65"
"2025-11-01 09:31","38.37","39.03","100","-0.66","87.65"
"2025-11-01 09:32","40.59","41.25","100","-0.66","87.65"
"2025-11-01 09:33","45.8","46.46","100","-0.66","87.65"
"2025-11-01 09:34","50.88","51.54","100","-0.66","87.65"
"2025-11-01 09:35","52.68","53.34","100","-0.66","87.65"
"2025-11-01 09:36","59.51","60.17","100","-0.66","87.65"
"2025-11-01 09:37","53.23","53.89","100","-0.66","87.65"
"2025-11-01 09:38","61.2","61.85","100","-0.65","87.65"
"2025-11-01 09:39","50.64","51.3","100","-0.66","87.65"
"2025-11-01 09:40","39.1","39.76","100","-0.66","87.65"
"2025-11-01 09:41","37.43","38.08","100","-0.65","87.65"
"2025-11-01 09:42","47.13","47.78","100","-0.65","87.65"
"2025-11-01 09:43","51.52","52.18","100","-0.66","87.65"
"2025-11-01 09:44","50.52","51.18","100","-0.66","87.65"
"2025-11-01 09:45","37.84","38.49","100","-0.65","87.65"
"2025-11-01 09:46","38.28","38.94","100","-0.66","87.65"
"2025-11-01 09:47","38.45","39.11","100","-0.66","87.65"
"2025-11-01 09:48","41.94","42.6","100","-0.66","87.65"
"2025-11-01 09:49","42.65","43.31","100","-0.66","87.65"
"2025-11-01 09:50","47.75","48.41","100","-0.66","87.65"
"2025-11-01 09:51","51.52","52.17","100","-0.65","87.65"
"2025-11-01 09:52","55.22","55.88","100","-0.66","87.65"
"2025-11-01 09:53","52.4","53.06","100","-0.66","87.65"
"2025-11-01 09:54","46.52","47.17","100","-0.65","87.65"
"2025-11-01 09:55","44.77","45.43","100","-0.66","87.65"
"2025-11-01 09:56","44.12","44.77","100","-0.65","87.65"
"2025-11-01 09:57","43.16","43.82","100","-0.66","87.65"
"2025-11-01 09:58","45.76","46.41","100","-0.65","87.65"
"2025-11-01 09:59","47.88","48.54","100","-0.66","87.65"
"2025-11-01 10:00","44.87","45.53","100","-0.66","87.65"
"2025-11-01 10:01","43.74","44.39","100","-0.65","87.65"
"2025-11-01 10:02","32.85","33.5","100","-0.65","87.65"
"2025-11-01 10:03","39.38","40.03","100","-0.65","87.65"
"2025-11-01 10:04","38.12","38.77","100","-0.65","87.65"
"2025-11-01 10:05","38.37","39.03","100","-0.66","87.65"
"2025-11-01 10:06","36.43","37.08","100","-0.65","87.65"
"2025-11-01 10:07","43.2","43.85","100","-0.65","87.65"
"2025-11-01 10:08","52.94","53.59","100","-0.65","87.65"
"2025-11-01 10:09","45.89","46.54","100","-0.65","87.65"
"2025-11-01 10:10","33.77","34.42","100","-0.65","87.65"
"2025-11-01 10:11","40.92","41.57","100","-0.65","87.65"
"2025-11-01 10:12","41.01","41.66","100","-0.65","87.65"
"2025-11-01 10:13","39.28","39.93","100","-0.65","87.65"
"2025-11-01 10:14","39.37","40.02","100","-0.65","87.65"
"2025-11-01 10:15","46.03","46.68","100","-0.65","87.65"
"2025-11-01 10:16","51.42","52.07","100","-0.65","87.65"
"2025-11-01 10:17","53.44","54.09","100","-0.65","87.65"
"2025-11-01 10:18","53.63","54.28","100","-0.65","87.65"
"2025-11-01 10:19","41.91","42.56","100","-0.65","87.65"
"2025-11-01 10:20","36.52","37.17","100","-0.65","87.65"
"2025-11-01 10:21","35.97","36.63","100","-0.66","87.65"
"2025-11-01 10:22","36.29","36.95","100","-0.66","87.65"
"2025-11-01 10:23","46.49","47.15","100","-0.66","87.65"
"2025-11-01 10:24","52.96","53.62","100","-0.66","87.65"
"2025-11-01 10:25","50.64","51.3","100","-0.66","87.65"
"2025-11-01 10:26","56.84","57.49","100","-0.65","87.65"
"2025-11-01 10:27","41.06","41.71","100","-0.65","87.65"
"2025-11-01 10:28","42.46","43.12","100","-0.66","87.65"
"2025-11-01 10:29","43.48","44.13","100","-0.65","87.65"
"2025-11-01 10:30","44.98","45.63","100","-0.65","87.65"
"2025-11-01 10:31","43.71","44.37","100","-0.66","87.65"
"2025-11-01 10:32","49.75","50.41","100","-0.66","87.65"
"2025-11-01 10:33","49.2","49.85","100","-0.65","87.65"
"2025-11-01 10:34","48.89","49.54","100","-0.65","87.65"
"2025-11-01 10:35","35.9","36.55","100","-0.65","87.65"
"2025-11-01 10:36","36.45","37.1","100","-0.65","87.65"
"2025-11-01 10:37","36.07","36.72","100","-0.65","87.65"
"2025-11-01 10:38","37.29","37.94","100","-0.65","87.65"
"2025-11-01 10:39","35.96","36.61","100","-0.65","87.65"
"2025-11-01 10:40","44.15","44.8","100","-0.65","87.65"
"2025-11-01 10:41","59.19","59.84","100","-0.65","87.65"
"2025-11-01 10:42","52.16","52.81","100","-0.65","87.65"
"2025-11-01 10:43","45.76","46.41","100","-0.65","87.65"
"2025-11-01 10:44","41.5","42.15","100","-0.65","87.65"
"2025-11-01 10:45","38.1","38.76","100","-0.66","87.65"
"2025-11-01 10:46","39.57","40.22","100","-0.65","87.65"
"2025-11-01 10:47","40.04","40.69","100","-0.65","87.65"
"2025-11-01 10:48","47.82","48.47","100","-0.65","87.65"
"2025-11-01 10:49","52.34","52.99","100","-0.65","87.65"
"2025-11-01 10:50","49.78","50.44","100","-0.66","87.65"
"2025-11-01 10:51","49.48","50.14","100","-0.66","87.65"
"2025-11-01 10:52","39.53","40.18","100","-0.65","87.65"
"2025-11-01 10:53","47.23","47.89","100","-0.66","87.65"
"2025-11-01 10:54","45.98","46.64","100","-0.66","87.65"
"2025-11-01 10:55","45.34","45.99","100","-0.65","87.65"
"2025-11-01 10:56","44.38","45.03","100","-0.65","87.65"
"2025-11-01 10:57","49.05","49.7","100","-0.65","87.65"
"2025-11-01 10:58","57.25","57.9","100","-0.65","87.65"
"2025-11-01 10:59","49.9","50.55","100","-0.65","87.65"
"2025-11-01 11:00","37.62","38.27","100","-0.65","87.65"
"2025-11-01 11:01","38.2","38.85","100","-0.65","87.65"
"2025-11-01 11:02","37.27","37.92","100","-0.65","87.65"
"2025-11-01 11:03","33.78","34.43","100","-0.65","87.65"
"2025-11-01 11:04","34.89","35.55","100","-0.66","87.65"
"2025-11-01 11:05","40.41","41.06","100","-0.65","87.65"
"2025-11-01 11:06","46.77","47.42","100","-0.65","87.65"
"2025-11-01 11:07","47","47.65","100","-0.65","87.65"
"2025-11-01 11:08","48.91","49.56","100","-0.65","87.65"
"2025-11-01 11:09","36.78","37.43","100","-0.65","87.65"
"2025-11-01 11:10","38.94","39.59","100","-0.65","87.65"
"2025-11-01 11:11","39.04","39.69","100","-0.65","87.65"
"2025-11-01 11:12","41.82","42.47","100","-0.65","87.65"
"2025-11-01 11:13","38.42","39.07","100","-0.65","87.65"
"2025-11-01 11:14","48.08","48.73","100","-0.65","87.65"
"2025-11-01 11:15","49.1","49.75","100","-0.65","87.65"
"2025-11-01 11:16","47.77","48.42","100","-0.65","87.65"
"2025-11-01 11:17","39.03","39.68","100","-0.65","87.65"
"2025-11-01 11:18","42.29","42.94","100","-0.65","87.65"
"2025-11-01 11:19","40.2","40.85","100","-0.65","87.65"
"2025-11-01 11:20","41.4","42.05","100","-0.65","87.65"
"2025-11-01 11:21","41.06","41.71","100","-0.65","87.65"
"2025-11-01 11:22","45.26","45.91","100","-0.65","87.65"
"2025-11-01 11:23","51.67","52.32","100","-0.65","87.65"
"2025-11-01 11:24","51.02","51.67","100","-0.65","87.65"
"2025-11-01 11:25","42.1","42.74","100","-0.64","87.65"
"2025-11-01 11:26","35.92","36.57","100","-0.65","87.65"
"2025-11-01 11:27","34.59","35.25","100","-0.66","87.65"
"2025-11-01 11:28","37.02","37.67","100","-0.65","87.65"
"2025-11-01 11:29","39.52","40.17","100","-0.65","87.65"
"2025-11-01 11:30","48.06","48.71","100","-0.65","87.65"
"2025-11-01 11:31","54.96","55.61","100","-0.65","87.65"
"2025-11-01 11:32","53.93","54.58","100","-0.65","87.65"
"2025-11-01 11:33","51.21","51.86","100","-0.65","87.65"
"2025-11-01 11:34","36.86","37.51","100","-0.65","87.65"
"2025-11-01 11:35","45.43","46.08","100","-0.65","87.65"
"2025-11-01 11:36","39.09","39.74","100","-0.65","87.65"
"2025-11-01 11:37","40.29","40.94","100","-0.65","87.65"
"2025-11-01 11:38","39.64","40.29","100","-0.65","87.65"
"2025-11-01 11:39","50.22","50.87","100","-0.65","87.65"
"2025-11-01 11:40","47.69","48.34","100","-0.65","87.65"
"2025-11-01 11:41","51.47","52.12","100","-0.65","87.65"
"2025-11-01 11:42","42.28","42.93","100","-0.65","87.65"
"2025-11-01 11:43","41.8","42.45","100","-0.65","87.65"
"2025-11-01 11:44","36.8","37.45","100","-0.65","87.65"
"2025-11-01 11:45","41.79","42.44","100","-0.65","87.65"
"2025-11-01 11:46","35.06","35.71","100","-0.65","87.65"
"2025-11-01 11:47","43.43","44.08","100","-0.65","87.65"
"2025-11-01 11:48","48.02","48.67","100","-0.65","87.65"
"2025-11-01 11:49","46.97","47.62","100","-0.65","87.65"
"2025-11-01 11:50","42.69","43.34","100","-0.65","87.65"
"2025-11-01 11:51","43.99","44.64","100","-0.65","87.65"
"2025-11-01 11:52","43.81","44.46","100","-0.65","87.65"
"2025-11-01 11:53","44.65","45.3","100","-0.65","87.65"
"2025-11-01 11:54","43.7","44.35","100","-0.65","87.65"
"2025-11-01 11:55","43.58","44.23","100","-0.65","87.65"
"2025-11-01 11:56","44.32","44.96","100","-0.64","87.65"
"2025-11-01 11:57","46.9","47.55","100","-0.65","87.65"
"2025-11-01 11:58","44.43","45.08","100","-0.65","87.65"
"2025-11-01 11:59","36.45","37.1","100","-0.65","87.65"
"2025-11-01 12:00","34.88","10.67","100","24.21","87.6"
"2025-11-01 12:01","43.93","11.06","100","32.87","87.05"
"2025-11-01 12:02","38.91","9.21","100","29.7","86.45"
"2025-11-01 12:03","38.49","4.09","100","34.4","85.8"
"2025-11-01 12:04","51.33","15.8","100","35.53","85.15"
"2025-11-01 12:05","54.95","10.85","100","44.1","84.35"
"2025-11-01 12:06","54.92","9.96","100","44.96","83.45"
"2025-11-01 12:07","38.69","9.72","100","28.97","82.6"
"2025-11-01 12:08","40.9","10.75","100","30.15","82"
"2025-11-01 12:09","38.75","9.51","100","29.24","81.4"
"2025-11-01 12:10","38.82","10.63","100","28.19","80.9"
"2025-11-01 12:11","40.05","11.22","100","28.83","80.4"
"2025-11-01 12:12","45.66","10.81","100","34.85","79.9"
"2025-11-01 12:13","48.48","9.05","100","39.43","79.3"
"2025-11-01 12:14","45.15","9.12","100","36.03","78.6"
"2025-11-01 12:15","42.83","13.11","100","29.72","78"
"2025-11-01 12:16","40.54","10.53","100","30.01","77.5"
"2025-11-01 12:17","40.39","9.92","100","30.47","77"
"2025-11-01 12:18","40","7.34","100","32.659","76.45"
"2025-11-01 12:19","40.41","10.06","100","30.35","75.9"
"2025-11-01 12:20","47.07","15.3","100","31.77","75.4"
"2025-11-01 12:21","51.19","10.56","100","40.63","74.8"
"2025-11-01 12:22","51.93","10.76","100","41.17","74.1"
"2025-11-01 12:23","50.27","9.16","100","41.11","73.4"
"2025-11-01 12:24","38.52","10.15","100","28.37","72.75"
"2025-11-01 12:25","32.48","9.78","100","22.7","72.3"
"2025-11-01 12:26","32.26","10.62","100","21.64","71.9"
"2025-11-01 12:27","40.06","16.17","100","23.89","71.5"
"2025-11-01 12:28","37.75","10.26","100","27.49","71.1"
"2025-11-01 12:29","47.65","16.11","100","31.54","70.6"
"2025-11-01 12:30","48.4","11.77","100","36.63","70.05"
"2025-11-01 12:31","44.15","9.73","100","34.42","69.45"
"2025-11-01 12:32","32.64","10.58","100","22.06","68.85"
"2025-11-01 12:33","32.64","10.52","100","22.12","68.5"
"2025-11-01 12:34","34.37","10.66","100","23.71","68.15"
"2025-11-01 12:35","39.51","10.29","100","29.22","67.7"
"2025-11-01 12:36","38.81","9.25","100","29.56","67.15"
"2025-11-01 12:37","43.26","9.79","100","33.47","66.65"
"2025-11-01 12:38","47.93","9.64","100","38.29","66.05"
"2025-11-01 12:39","51.75","9.45","100","42.3","65.45"
"2025-11-01 12:40","46.77","11.77","100","35","64.65"
"2025-11-01 12:41","44.01","10.48","100","33.53","64.1"
"2025-11-01 12:42","44","10.27","100","33.73","63.55"
"2025-11-01 12:43","40.71","10.17","100","30.54","62.95"
"2025-11-01 12:44","39.92","10.7","100","29.22","62.45"
"2025-11-01 12:45","46.3","15.21","100","31.09","61.95"
"2025-11-01 12:46","51.78","9.01","100","42.77","61.35"
"2025-11-01 12:47","47.76","10.4","100","37.36","60.65"
"2025-11-01 12:48","49.02","11.53","100","37.49","60"
"2025-11-01 12:49","38.04","9.52","100","28.52","59.35"
"2025-11-01 12:50","39.32","10.85","100","28.47","58.9"
"2025-11-01 12:51","41.69","10.72","100","30.97","58.4"
"2025-11-01 12:52","40.43","9.73","100","30.7","57.85"
"2025-11-01 12:53","41.64","11.61","100","30.03","57.3"
"2025-11-01 12:54","46.61","15.61","100","31","56.8"
"2025-11-01 12:55","46.65","9.93","100","36.72","56.25"
"2025-11-01 12:56","46.31","10.44","100","35.87","55.6"
"2025-11-01 12:57","33.85","9.49","100","24.36","55"
"2025-11-01 12:58","32.12","10.33","100","21.79","54.6"
"2025-11-01 12:59","35.17","11.2","100","23.97","54.2"
"2025-11-01 13:00","37.02","10.37","100","26.65","53.8"
"2025-11-01 13:01","36.55","10.32","100","26.23","53.35"
"2025-11-01 13:02","40.3","10.44","100","29.86","52.9"
"2025-11-01 13:03","44.89","10.43","100","34.46","52.4"
"2025-11-01 13:04","41.78","6.91","100","34.87","51.8"
"2025-11-01 13:05","39.63","12.15","100","27.48","51.15"
"2025-11-01 13:06","38.72","7.87","100","30.85","50.7"
"2025-11-01 13:07","39.27","10.12","100","29.15","50.15"
"2025-11-01 13:08","46.06","16.06","100","30","49.6"
"2025-11-01 13:09","40.81","10.41","100","30.4","49.1"
"2025-11-01 13:10","45.49","15.24","100","30.25","48.6"
"2025-11-01 13:11","50.21","9.62","100","40.59","48.05"
"2025-11-01 13:12","48.17","10.33","100","37.84","47.3"
"2025-11-01 13:13","50.06","9.84","100","40.22","46.7"
"2025-11-01 13:14","39.81","11.04","100","28.77","46"
"2025-11-01 13:15","42.18","12.23","100","29.95","45.5"
"2025-11-01 13:16","40","10.53","100","29.47","45"
"2025-11-01 13:17","41.43","10.34","100","31.09","44.5"
"2025-11-01 13:18","41.62","10.18","100","31.44","43.95"
"2025-11-01 13:19","53.19","14.75","100","38.44","43.4"
"2025-11-01 13:20","52.98","4.48","100","48.5","42.7"
"2025-11-01 13:21","48","8.57","100","39.43","41.85"
"2025-11-01 13:22","38.36","13.07","100","25.29","41.25"
"2025-11-01 13:23","38.05","9.4","100","28.65","40.75"
"2025-11-01 13:24","38.09","10.43","100","27.66","40.3"
"2025-11-01 13:25","37.4","9.02","100","28.38","39.8"
"2025-11-01 13:26","38.2","11.31","100","26.89","39.35"
"2025-11-01 13:27","42.93","10.21","100","32.72","38.85"
"2025-11-01 13:28","51.2","12.38","100","38.82","38.25"
"2025-11-01 13:29","53.52","10.87","100","42.65","37.55"
"2025-11-01 13:30","44.09","2.94","100","41.15","36.85"
"2025-11-01 13:31","38","10.25","100","27.75","36.15"
"2025-11-01 13:32","38.6","11.88","100","26.72","35.65"
"2025-11-01 13:33","44.62","8.25","100","36.37","35.15"
"2025-11-01 13:34","39.96","13.69","100","26.27","34.55"
"2025-11-01 13:35","45.72","13.15","100","32.57","34.1"
"2025-11-01 13:36","51.2","9.33","100","41.87","33.5"
"2025-11-01 13:37","55.36","12.63","100","42.73","32.75"
"2025-11-01 13:38","54.56","11.46","100","43.1","32"
"2025-11-01 13:39","44.03","10.16","100","33.87","31.3"
"2025-11-01 13:40","46.69","7.68","100","39.01","30.65"
"2025-11-01 13:41","45.7","10.42","100","35.28","30"
"2025-11-01 13:42","47.06","16.52","100","30.54","29.4"
"2025-11-01 13:43","40.44","11.14","100","29.3","28.9"
"2025-11-01 13:44","51.54","15.89","100","35.65","28.35"
"2025-11-01 13:45","49.41","9.34","100","40.07","27.7"
"2025-11-01 13:46","49.44","10.44","100","39","27"
"2025-11-01 13:47","40.04","10.23","100","29.81","26.4"
"2025-11-01 13:48","44.03","5.58","100","38.45","25.8"
"2025-11-01 13:49","48.54","15.94","100","32.6","25.2"
"2025-11-01 13:50","40.47","11.23","100","29.24","24.6"
"2025-11-01 13:51","38.56","7.46","100","31.1","24"
"2025-11-01 13:52","50.39","17.54","100","32.85","23.5"
"2025-11-01 13:53","51.2","11.42","100","39.78","22.9"
"2025-11-01 13:54","52.15","12.08","100","40.07","22.15"
"2025-11-01 13:55","44.44","4.41","100","40.03","21.4"
"2025-11-01 13:56","35.48","10.53","100","24.95","20.75"
"2025-11-01 13:57","34.4","11.17","100","23.23","20.3"
"2025-11-01 13:58","37.63","13.17","100","24.46","19.85"
"2025-11-01 13:59","40.15","11.5","100","28.65","19.4"
"2025-11-01 14:00","42.81","14.64","100","28.17","18.9"
"2025-11-01 14:01","47.25","11.18","100","36.07","18.35"
"2025-11-01 14:02","46.86","3.6","100","43.26","17.7"
"2025-11-01 14:03","52.11","14.97","100","37.14","16.9"
"2025-11-01 14:04","51.84","19.27","100","32.57","16.25"
"2025-11-01 14:05","42.79","12.13","100","30.66","15.65"
"2025-11-01 14:06","44.96","10.94","100","34.02","15.1"
"2025-11-01 14:07","43.15","9.13","100","34.02","14.45"
"2025-11-01 14:08","44.63","5.25","100","39.38","13.85"
"2025-11-01 14:09","58.03","16.68","100","41.35","13.1"
"2025-11-01 14:10","52.12","16.77","100","35.35","12.35"
"2025-11-01 14:11","53.2","61.93","100","-8.73","11.85"
"2025-11-01 14:12","42.47","44.1","100","-1.63","11.95"
"2025-11-01 14:13","43.6","45.23","100","-1.63","11.95"
"2025-11-01 14:14","41.28","42.91","100","-1.63","11.95"
"2025-11-01 14:15","40.3","41.93","100","-1.63","11.95"
"2025-11-01 14:16","44.72","46.35","100","-1.63","11.95"
"2025-11-01 14:17","50.28","51.9","100","-1.62","11.95"
"2025-11-01 14:18","56.83","58.46","100","-1.63","11.95"
"2025-11-01 14:19","51.72","53.34","100","-1.62","11.95"
"2025-11-01 14:20","41.64","43.27","100","-1.63","11.95"
"2025-11-01 14:21","45.36","46.98","100","-1.62","11.95"
"2025-11-01 14:22","38.58","40.2","100","-1.62","11.95"
"2025-11-01 14:23","40.56","42.18","100","-1.62","11.95"
"2025-11-01 14:24","37.36","38.98","100","-1.62","11.95"
"2025-11-01 14:25","44.94","46.56","100","-1.62","11.95"
"2025-11-01 14:26","52.94","54.56","100","-1.62","11.95"
"2025-11-01 14:27","54.62","56.25","100","-1.63","11.95"
"2025-11-01 14:28","49.1","50.73","100","-1.63","11.95"
"2025-11-01 14:29","41.07","42.7","100","-1.63","11.95"
"2025-11-01 14:30","40.38","42","100","-1.62","11.95"
"2025-11-01 14:31","40.73","42.36","100","-1.63","11.95"
"2025-11-01 14:32","40.43","42.05","100","-1.62","11.95"
"2025-11-01 14:33","42.74","43.4","100","-0.66","11.95"
"2025-11-01 14:34","51.37","52.03","100","-0.66","11.95"
"2025-11-01 14:35","52.4","53.06","100","-0.66","11.95"
"2025-11-01 14:36","52.15","52.81","100","-0.66","11.95"
"2025-11-01 14:37","44.64","45.3","100","-0.66","11.95"
"2025-11-01 14:38","42.97","43.63","100","-0.66","11.95"
"2025-11-01 14:39","41.5","42.16","100","-0.66","11.95"
"2025-11-01 14:40","40.68","41.34","100","-0.66","11.95"
"2025-11-01 14:41","42.4","43.06","100","-0.66","11.95"
"2025-11-01 14:42","45.99","46.65","100","-0.66","11.95"
"2025-11-01 14:43","52.05","52.71","100","-0.66","11.95"
"2025-11-01 14:44","53.15","53.81","100","-0.66","11.95"
"2025-11-01 14:45","43.77","44.43","100","-0.66","11.95"
"2025-11-01 14:46","50.31","50.97","100","-0.66","11.95"
"2025-11-01 14:47","50.18","50.84","100","-0.66","11.95"
"2025-11-01 14:48","44.56","45.22","100","-0.66","11.95"
"2025-11-01 14:49","42.3","42.96","100","-0.66","11.95"
"2025-11-01 14:50","43.8","44.46","100","-0.66","11.95"
"2025-11-01 14:51","47.39","48.05","100","-0.66","11.95"
"2025-11-01 14:52","44.6","45.25","100","-0.65","11.95"
"2025-11-01 14:53","44.93","45.59","100","-0.66","11.95"
"2025-11-01 14:54","36.99","37.65","100","-0.66","11.95"
"2025-11-01 14:55","41.09","41.75","100","-0.66","11.95"
"2025-11-01 14:56","39.47","40.13","100","-0.66","11.95"
"2025-11-01 14:57","50.12","50.78","100","-0.66","11.95"
"2025-11-01 14:58","43.39","44.05","100","-0.66","11.95"
"2025-11-01 14:59","51.01","51.67","100","-0.66","11.95"
"2025-11-01 15:00","52.71","53.37","100","-0.66","11.95"
"2025-11-01 15:01","50.62","51.28","100","-0.66","11.95"
"2025-11-01 15:02","44.11","44.77","100","-0.66","11.95"
"2025-11-01 15:03","42.77","43.43","100","-0.66","11.95"
"2025-11-01 15:04","41.83","42.49","100","-0.66","11.95"
"2025-11-01 15:05","42.57","43.23","100","-0.66","11.95"
"2025-11-01 15:06","43.22","43.88","100","-0.66","11.95"
"2025-11-01 15:07","45.93","46.59","100","-0.66","11.95"
"2025-11-01 15:08","51.78","52.44","100","-0.66","11.95"
"2025-11-01 15:09","53.3","53.96","100","-0.66","11.95"
"2025-11-01 15:10","42.58","43.24","100","-0.66","11.95"
"2025-11-01 15:11","43.34","43.99","100","-0.65","11.95"
"2025-11-01 15:12","45.89","46.55","100","-0.66","11.95"
"2025-11-01 15:13","43.26","43.92","100","-0.66","11.95"
"2025-11-01 15:14","43.04","43.7","100","-0.66","11.95"
"2025-11-01 15:15","47.33","47.99","100","-0.66","11.95"
"2025-11-01 15:16","53.86","54.52","100","-0.66","11.95"
"2025-11-01 15:17","53.59","54.25","100","-0.66","11.95"
"2025-11-01 15:18","56.9","57.56","100","-0.66","11.95"
"2025-11-01 15:19","45.07","45.73","100","-0.66","11.95"
"2025-11-01 15:20","45.13","45.79","100","-0.66","11.95"
"2025-11-01 15:21","38.44","39.1","100","-0.66","11.95"
"2025-11-01 15:22","45.55","46.21","100","-0.66","11.95"
"2025-11-01 15:23","35.31","35.97","100","-0.66","11.95"
"2025-11-01 15:24","45.92","46.57","100","-0.65","11.95"
"2025-11-01 15:25","48.99","49.65","100","-0.66","11.95"
"2025-11-01 15:26","50.6","51.26","100","-0.66","11.95"
"2025-11-01 15:27","40.88","41.54","100","-0.66","11.95"
"2025-11-01 15:28","46.57","47.23","100","-0.66","11.95"
"2025-11-01 15:29","45.84","46.5","100","-0.66","11.95"
"2025-11-01 15:30","44.01","44.66","100","-0.65","11.95"
"2025-11-01 15:31","44.12","44.78","100","-0.66","11.95"
"2025-11-01 15:32","47.7","48.36","100","-0.66","11.95"
"2025-11-01 15:33","53.47","54.13","100","-0.66","11.95"
"2025-11-01 15:34","63.14","63.8","100","-0.66","11.95"
"2025-11-01 15:35","47.06","47.72","100","-0.66","11.95"
"2025-11-01 15:36","43.42","44.08","100","-0.66","11.95"
"2025-11-01 15:37","52.51","53.17","100","-0.66","11.95"
"2025-11-01 15:38","40.54","41.2","100","-0.66","11.95"
"2025-11-01 15:39","42.62","43.28","100","-0.66","11.95"
"2025-11-01 15:40","51.07","51.73","100","-0.66","11.95"
"2025-11-01 15:41","54.29","54.94","100","-0.65","11.95"
"2025-11-01 15:42","54.56","55.21","100","-0.65","11.95"
"2025-11-01 15:43","45.81","46.47","100","-0.66","11.95"
"2025-11-01 15:44","40.59","41.25","100","-0.66","11.95"
"2025-11-01 15:45","41.09","41.75","100","-0.66","11.95"
"2025-11-01 15:46","41.67","42.33","100","-0.66","11.95"
"2025-11-01 15:47","38.69","39.35","100","-0.66","11.95"
"2025-11-01 15:48","42.16","42.82","100","-0.66","11.95"
"2025-11-01 15:49","53.98","54.64","100","-0.66","11.95"
"2025-11-01 15:50","53.94","54.6","100","-0.66","11.95"
"2025-11-01 15:51","53.32","53.97","100","-0.65","11.95"
"2025-11-01 15:52","44.13","44.79","100","-0.66","11.95"
"2025-11-01 15:53","42.87","43.53","100","-0.66","11.95"
"2025-11-01 15:54","40.39","41.05","100","-0.66","11.95"
"2025-11-01 15:55","40.62","41.28","100","-0.66","11.95"
"2025-11-01 15:56","38.47","39.12","100","-0.65","11.95"
"2025-11-01 15:57","42.28","42.94","100","-0.66","11.95"
"2025-11-01 15:58","44.7","45.36","100","-0.66","11.95"
"2025-11-01 15:59","48.61","49.27","100","-0.66","11.95"
"2025-11-01 16:00","37.89","38.55","100","-0.66","11.95"
"2025-11-01 16:01","41.42","42.08","100","-0.66","11.95"
"2025-11-01 16:02","42.41","43.07","100","-0.66","11.95"
"2025-11-01 16:03","46.53","47.19","100","-0.66","11.95"
"2025-11-01 16:04","41.91","42.57","100","-0.66","11.95"
"2025-11-01 16:05","44.08","44.74","100","-0.66","11.95"
"2025-11-01 16:06","50.38","51.04","100","-0.66","11.95"
"2025-11-01 16:07","50.1","50.76","100","-0.66","11.95"
"2025-11-01 16:08","50.12","50.78","100","-0.66","11.95"
"2025-11-01 16:09","40","40.66","100","-0.66","11.95"
"2025-11-01 16:10","47.37","48.03","100","-0.66","11.95"
"2025-11-01 16:11","46.68","47.34","100","-0.66","11.95"
"2025-11-01 16:12","47.51","48.17","100","-0.66","11.95"
"2025-11-01 16:13","45.55","46.21","100","-0.66","11.95"
"2025-11-01 16:14","52.54","53.2","100","-0.66","11.95"
"2025-11-01 16:15","49.56","50.22","100","-0.66","11.95"
"2025-11-01 16:16","44.6","45.26","100","-0.66","11.95"
"2025-11-01 16:17","36.42","37.08","100","-0.66","11.95"
"2025-11-01 16:18","38.33","38.99","100","-0.66","11.95"
"2025-11-01 16:19","37.75","38.41","100","-0.66","11.95"
"2025-11-01 16:20","36.4","37.06","100","-0.66","11.95"
"2025-11-01 16:21","35.42","36.08","100","-0.66","11.95"
"2025-11-01 16:22","40.78","41.44","100","-0.66","11.95"
"2025-11-01 16:23","48.26","48.92","100","-0.66","11.95"
"2025-11-01 16:24","50.32","50.98","100","-0.66","11.95"
"2025-11-01 16:25","39.16","39.82","100","-0.66","11.95"
"2025-11-01 16:26","42.06","42.72","100","-0.66","11.95"
"2025-11-01 16:27","42.19","42.85","100","-0.66","11.95"
"2025-11-01 16:28","41.62","42.28","100","-0.66","11.95"
"2025-11-01 16:29","40.97","41.63","100","-0.66","11.95"
"2025-11-01 16:30","44.02","44.67","100","-0.65","11.95"
"2025-11-01 16:31","51.25","51.91","100","-0.66","11.95"
"2025-11-01 16:32","50.44","51.1","100","-0.66","11.95"
"2025-11-01 16:33","45.68","46.34","100","-0.66","11.95"
"2025-11-01 16:34","44.06","44.72","100","-0.66","11.95"
"2025-11-01 16:35","45.08","45.74","100","-0.66","11.95"
"2025-11-01 16:36","44.58","45.23","100","-0.65","11.95"
"2025-11-01 16:37","40.99","41.65","100","-0.66","11.95"
"2025-11-01 16:38","38.44","39.1","100","-0.66","11.95"
"2025-11-01 16:39","53.38","54.04","100","-0.66","11.95"
"2025-11-01 16:40","47.74","48.4","100","-0.66","11.95"
"2025-11-01 16:41","46.97","47.63","100","-0.66","11.95"
"2025-11-01 16:42","37.42","38.08","100","-0.66","11.95"
"2025-11-01 16:43","39.44","40.1","100","-0.66","11.95"
"2025-11-01 16:44","35.42","36.08","100","-0.66","11.95"
"2025-11-01 16:45","36.35","37.01","100","-0.66","11.95"
"2025-11-01 16:46","34.57","35.23","100","-0.66","11.95"
"2025-11-01 16:47","39.18","39.84","100","-0.66","11.95"
"2025-11-01 16:48","44.6","45.26","100","-0.66","11.95"
"2025-11-01 16:49","46.57","47.23","100","-0.66","11.95"
"2025-11-01 16:50","36.23","36.89","100","-0.66","11.95"
"2025-11-01 16:51","38.4","39.06","100","-0.66","11.95"
"2025-11-01 16:52","34.5","35.16","100","-0.66","11.95"
"2025-11-01 16:53","34.19","34.85","100","-0.66","11.95"
"2025-11-01 16:54","33.98","34.64","100","-0.66","11.95"
"2025-11-01 16:55","40.08","40.74","100","-0.66","11.95"
"2025-11-01 16:56","45.69","46.35","100","-0.66","11.95"
"2025-11-01 16:57","49.39","50.05","100","-0.66","11.95"
"2025-11-01 16:58","49.53","50.19","100","-0.66","11.95"
"2025-11-01 16:59","41.86","42.52","100","-0.66","11.95"
"2025-11-01 17:00","48.65","99.23","100","-50.58","12.1"
"2025-11-01 17:01","40.75","91.42","100","-50.67","12.95"
"2025-11-01 17:02","42.08","92.72","100","-50.64","13.8"
"2025-11-01 17:03","43.94","93.71","100","-49.77","14.65"
"2025-11-01 17:04","54.38","93.12","100","-38.74","15.45"
"2025-11-01 17:05","52.98","85.24","100","-32.259","16.05"
"2025-11-01 17:06","54.61","97.06","100","-42.45","16.65"
"2025-11-01 17:07","38.49","89.17","100","-50.68","17.4"
"2025-11-01 17:08","36.56","87.23","100","-50.67","18.25"
"2025-11-01 17:09","39.07","89.71","100","-50.64","18.95"
"2025-11-01 17:10","36.88","87.54","100","-50.66","19.75"
"2025-11-01 17:11","40.02","90.64","100","-50.62","20.45"
"2025-11-01 17:12","44.18","93.31","100","-49.13","21.2"
"2025-11-01 17:13","46.88","94.75","100","-47.87","21.9"
"2025-11-01 17:14","47.2","93.62","100","-46.42","22.6"
"2025-11-01 17:15","35.89","86.53","100","-50.64","23.25"
"2025-11-01 17:16","37.21","87.77","100","-50.56","24.05"
"2025-11-01 17:17","36.58","87.21","100","-50.63","24.75"
"2025-11-01 17:18","37.13","87.7","100","-50.57","25.45"
"2025-11-01 17:19","46.13","96.7","100","-50.57","26.2"
"2025-11-01 17:20","42.63","93.18","100","-50.55","26.9"
"2025-11-01 17:21","50.03","95.92","100","-45.89","27.65"
"2025-11-01 17:22","48.11","91.84","100","-43.73","28.3"
"2025-11-01 17:23","44.63","87.85","100","-43.22","28.9"
"2025-11-01 17:24","39.69","90.29","100","-50.6","29.6"
"2025-11-01 17:25","37.41","88.08","100","-50.67","30.3"
"2025-11-01 17:26","36.57","87.18","100","-50.61","31.05"
"2025-11-01 17:27","36.59","87.17","100","-50.58","31.8"
"2025-11-01 17:28","37.71","88.31","100","-50.6","32.5"
"2025-11-01 17:29","56.71","99.43","100","-42.72","33.2"
"2025-11-01 17:30","54.43","92.96","100","-38.53","33.8"
"2025-11-01 17:31","50.08","93.03","100","-42.95","34.4"
"2025-11-01 17:32","42.33","92.86","100","-50.53","35.05"
"2025-11-01 17:33","41.37","91.87","100","-50.5","35.8"
"2025-11-01 17:34","40.68","91.22","100","-50.54","36.55"
"2025-11-01 17:35","41.52","92.09","100","-50.57","37.25"
"2025-11-01 17:36","41.04","91.6","100","-50.56","37.95"
"2025-11-01 17:37","47.15","94.12","100","-46.97","38.7"
"2025-11-01 17:38","52.2","94.18","100","-41.98","39.35"
"2025-11-01 17:39","49.56","93.2","100","-43.64","39.95"
"2025-11-01 17:40","38.17","88.72","100","-50.55","40.65"
"2025-11-01 17:41","33.41","83.99","100","-50.58","41.35"
"2025-11-01 17:42","35.53","86.16","100","-50.63","42.05"
"2025-11-01 17:43","37.51","88.09","100","-50.58","42.85"
"2025-11-01 17:44","36.42","88.01","100","-51.59","43.55"
"2025-11-01 17:45","48.82","98.91","100","-50.09","44.25"
"2025-11-01 17:46","47.85","94.89","100","-47.04","44.95"
"2025-11-01 17:47","47.47","92.86","100","-45.39","45.6"
"2025-11-01 17:48","43.18","89.7","100","-46.52","46.3"
"2025-11-01 17:49","37.86","89.36","100","-51.5","46.95"
"2025-11-01 17:50","37.98","89.51","100","-51.53","47.65"
"2025-11-01 17:51","37.57","89.17","100","-51.6","48.4"
"2025-11-01 17:52","37.76","89.28","100","-51.52","49.1"
"2025-11-01 17:53","37.36","88.9","100","-51.54","49.85"
"2025-11-01 17:54","60.49","93.15","100","-32.659","50.5"
"2025-11-01 17:55","69.63","102.2","100","-32.57","51"
"2025-11-01 17:56","53.52","83.72","100","-30.2","51.5"
"2025-11-01 17:57","43.4","93.37","100","-49.97","51.9"
"2025-11-01 17:58","42.99","94.54","100","-51.55","52.6"
"2025-11-01 17:59","40.24","91.75","100","-51.51","53.4"
"2025-11-01 18:00","41.48","93.07","100","-51.59","54.1"
"2025-11-01 18:01","42.74","94.31","100","-51.57","54.8"
"2025-11-01 18:02","51.84","100.35","100","-48.51","55.55"
"2025-11-01 18:03","50.52","94.7","100","-44.18","56.2"
"2025-11-01 18:04","49.02","92.4","100","-43.38","56.8"
"2025-11-01 18:05","47.85","95.49","100","-47.64","57.45"
"2025-11-01 18:06","40.72","92.31","100","-51.59","58.1"
"2025-11-01 18:07","40.02","91.66","100","-51.64","58.85"
"2025-11-01 18:08","46.72","98.24","100","-51.52","59.55"
"2025-11-01 18:09","40.18","91.84","100","-51.66","60.3"
"2025-11-01 18:10","40.85","92.44","100","-51.59","61.05"
"2025-11-01 18:11","46.59","95.31","100","-48.72","61.75"
"2025-11-01 18:12","46.75","94.94","100","-48.19","62.45"
"2025-11-01 18:13","41.49","88.95","100","-47.46","63.1"
"2025-11-01 18:14","35.92","87.51","100","-51.59","63.75"
"2025-11-01 18:15","36.81","88.42","100","-51.61","64.5"
"2025-11-01 18:16","33.27","84.89","100","-51.62","65.25"
"2025-11-01 18:17","36.09","87.69","100","-51.6","65.95"
"2025-11-01 18:18","35.96","87.56","100","-51.6","66.65"
"2025-11-01 18:19","49.05","88.58","100","-39.53","67.35"
"2025-11-01 18:20","53.67","95.19","100","-41.52","67.9"
"2025-11-01 18:21","51.67","94.15","100","-42.48","68.5"
"2025-11-01 18:22","43.24","94.79","100","-51.55","69.15"
"2025-11-01 18:23","49.72","93.76","100","-44.04","69.8"
"2025-11-01 18:24","43.15","91.87","100","-48.72","70.45"
"2025-11-01 18:25","39.71","91.35","100","-51.64","71.15"
"2025-11-01 18:26","41.04","92.61","100","-51.57","71.9"
"2025-11-01 18:27","48.58","96.92","100","-48.34","72.6"
"2025-11-01 18:28","49.22","94.72","100","-45.5","73.2"
"2025-11-01 18:29","53.85","94.9","100","-41.05","73.9"
"2025-11-01 18:30","38.91","90.18","100","-51.27","74.5"
"2025-11-01 18:31","38.81","90.37","100","-51.56","75.2"
"2025-11-01 18:32","40.49","92.02","100","-51.53","75.9"
"2025-11-01 18:33","40.69","92.37","100","-51.68","76.6"
"2025-11-01 18:34","39.08","90.62","100","-51.54","77.35"
"2025-11-01 18:35","44.79","96.43","100","-51.64","78.1"
"2025-11-01 18:36","57.75","101.76","100","-44.01","78.8"
"2025-11-01 18:37","50.82","93.78","100","-42.96","79.4"
"2025-11-01 18:38","42.11","89.43","100","-47.32","80"
"2025-11-01 18:39","37.08","88.69","100","-51.61","80.65"
"2025-11-01 18:40","36.35","87.96","100","-51.61","81.4"
"2025-11-01 18:41","35.93","87.53","100","-51.6","82.1"
"2025-11-01 18:42","35.78","87.4","100","-51.62","82.85"
"2025-11-01 18:43","40.22","91.85","100","-51.63","83.55"
"2025-11-01 18:44","50.79","94.71","100","-43.92","84.25"
"2025-11-01 18:45","47.75","92.14","100","-44.39","84.85"
"2025-11-01 18:46","48.69","94.78","100","-46.09","85.45"
"2025-11-01 18:47","39.64","91.32","100","-51.68","86.15"
"2025-11-01 18:48","38.11","89.82","100","-51.71","86.85"
"2025-11-01 18:49","37.41","56","100","-18.59","87.5"
"2025-11-01 18:50","37.75","39.4","100","-1.65","87.7"
"2025-11-01 18:51","41.28","40.52","100","0.76","87.7"
"2025-11-01 18:52","50.9","52.54","100","-1.64","87.65"
"2025-11-01 18:53","53.66","55.3","100","-1.64","87.65"
"2025-11-01 18:54","52.69","54.33","100","-1.64","87.65"
"2025-11-01 18:55","46.4","48.03","100","-1.63","87.65"
"2025-11-01 18:56","38.59","40.22","100","-1.63","87.65"
"2025-11-01 18:57","40.89","42.53","100","-1.64","87.65"
"2025-11-01 18:58","40.66","42.29","100","-1.63","87.65"
"2025-11-01 18:59","39.77","41.4","100","-1.63","87.65"
"2025-11-01 19:00","47.72","49.35","100","-1.63","87.65"
"2025-11-01 19:01","51.58","53.21","100","-1.63","87.65"
"2025-11-01 19:02","53.99","55.62","100","-1.63","87.65"
"2025-11-01 19:03","48.13","49.76","100","-1.63","87.65"
"2025-11-01 19:04","43.92","45.55","100","-1.63","87.65"
"2025-11-01 19:05","39.62","40.29","100","-0.67","87.65"
"2025-11-01 19:06","37.12","37.78","100","-0.66","87.65"
"2025-11-01 19:07","38.72","39.39","100","-0.67","87.65"
"2025-11-01 19:08","38.82","39.49","100","-0.67","87.65"
"2025-11-01 19:09","45.18","45.85","100","-0.67","87.65"
"2025-11-01 19:10","50","50.67","100","-0.67","87.65"
"2025-11-01 19:11","50.7","51.36","100","-0.66","87.65"
"2025-11-01 19:12","37.61","38.27","100","-0.66","87.65"
"2025-11-01 19:13","34.67","35.33","100","-0.66","87.65"
"2025-11-01 19:14","35.41","36.07","100","-0.66","87.65"
"2025-11-01 19:15","38.54","39.2","100","-0.66","87.65"
"2025-11-01 19:16","35.08","35.74","100","-0.66","87.65"
"2025-11-01 19:17","46.33","46.99","100","-0.66","87.65"
"2025-11-01 19:18","49.35","50.01","100","-0.66","87.65"
"2025-11-01 19:19","52.42","53.08","100","-0.66","87.65"
"2025-11-01 19:20","41.54","42.2","100","-0.66","87.65"
"2025-11-01 19:21","42.69","43.35","100","-0.66","87.65"
"2025-11-01 19:22","42.44","43.1","100","-0.66","87.65"
"2025-11-01 19:23","51.63","52.29","100","-0.66","87.65"
"2025-11-01 19:24","43.31","43.97","100","-0.66","87.65"
"2025-11-01 19:25","45.39","46.05","100","-0.66","87.65"
"2025-11-01 19:26","52.62","53.28","100","-0.66","87.65"
"2025-11-01 19:27","58.4","59.06","100","-0.66","87.65"
"2025-11-01 19:28","44.08","44.74","100","-0.66","87.65"
"2025-11-01 19:29","40.21","40.87","100","-0.66","87.65"
"2025-11-01 19:30","40.15","40.81","100","-0.66","87.65"
"2025-11-01 19:31","42.05","42.71","100","-0.66","87.65"
"2025-11-01 19:32","38.04","38.7","100","-0.66","87.65"
"2025-11-01 19:33","40.36","41.02","100","-0.66","87.65"
"2025-11-01 19:34","51.42","52.08","100","-0.66","87.65"
"2025-11-01 19:35","49.34","50","100","-0.66","87.65"
"2025-11-01 19:36","51.29","51.95","100","-0.66","87.65"
"2025-11-01 19:37","41.25","41.91","100","-0.66","87.65"
"2025-11-01 19:38","39.66","40.32","100","-0.66","87.65"
"2025-11-01 19:39","40.88","41.53","100","-0.65","87.65"
"2025-11-01 19:40","40.58","41.24","100","-0.66","87.65"
"2025-11-01 19:41","39.28","39.94","100","-0.66","87.65"
"2025-11-01 19:42","47.67","48.33","100","-0.66","87.65"
"2025-11-01 19:43","44.87","45.53","100","-0.66","87.65"
"2025-11-01 19:44","44.14","44.8","100","-0.66","87.65"
"2025-11-01 19:45","37.87","38.53","100","-0.66","87.65"
"2025-11-01 19:46","36.45","37.11","100","-0.66","87.65"
"2025-11-01 19:47","39.13","39.79","100","-0.66","87.65"
"2025-11-01 19:48","38.84","39.5","100","-0.66","87.65"
"2025-11-01 19:49","37.75","38.41","100","-0.66","87.65"
"2025-11-01 19:50","46.91","47.57","100","-0.66","87.65"
"2025-11-01 19:51","52.11","52.77","100","-0.66","87.65"
"2025-11-01 19:52","51.66","52.32","100","-0.66","87.65"
"2025-11-01 19:53","47.93","48.59","100","-0.66","87.65"
"2025-11-01 19:54","40.17","40.83","100","-0.66","87.65"
"2025-11-01 19:55","41.83","42.49","100","-0.66","87.65"
"2025-11-01 19:56","39.98","40.64","100","-0.66","87.65"
"2025-11-01 19:57","39.07","39.73","100","-0.66","87.65"
"2025-11-01 19:58","38.27","38.93","100","-0.66","87.65"
"2025-11-01 19:59","49.84","50.5","100","-0.66","87.65"
"2025-11-01 20:00","47.73","48.39","100","-0.66","87.65"
"2025-11-01 20:01","46.76","47.42","100","-0.66","87.65"
"2025-11-01 20:02","37.68","38.34","100","-0.66","87.65"
"2025-11-01 20:03","33.8","34.46","100","-0.66","87.65"
"2025-11-01 20:04","36.09","36.75","100","-0.66","87.65"
"2025-11-01 20:05","36.3","36.96","100","-0.66","87.65"
"2025-11-01 20:06","38.42","39.08","100","-0.66","87.65"
"2025-11-01 20:07","47.37","48.03","100","-0.66","87.65"
"2025-11-01 20:08","48.36","49.02","100","-0.66","87.65"
"2025-11-01 20:09","49.45","50.11","100","-0.66","87.65"
"2025-11-01 20:10","40.81","41.47","100","-0.66","87.65"
"2025-11-01 20:11","42.15","42.81","100","-0.66","87.65"
"2025-11-01 20:12","39.76","40.42","100","-0.66","87.65"
"2025-11-01 20:13","40.15","40.8","100","-0.65","87.65"
"2025-11-01 20:14","39.29","39.95","100","-0.66","87.65"
"2025-11-01 20:15","43.25","43.9","100","-0.65","87.65"
"2025-11-01 20:16","50.85","51.51","100","-0.66","87.65"
"2025-11-01 20:17","47.15","47.81","100","-0.66","87.65"
"2025-11-01 20:18","44.44","45.1","100","-0.66","87.65"
"2025-11-01 20:19","39.45","40.11","100","-0.66","87.65"
"2025-11-01 20:20","38.03","38.69","100","-0.66","87.65"
"2025-11-01 20:21","37.65","38.31","100","-0.66","87.65"
"2025-11-01 20:22","39","39.66","100","-0.66","87.65"
"2025-11-01 20:23","40.59","41.25","100","-0.66","87.65"
"2025-11-01 20:24","51.43","52.09","100","-0.66","87.65"
"2025-11-01 20:25","50.35","51.01","100","-0.66","87.65"
"2025-11-01 20:26","51.4","52.06","100","-0.66","87.65"
"2025-11-01 20:27","42.87","43.53","100","-0.66","87.65"
"2025-11-01 20:28","43.95","44.61","100","-0.66","87.65"
"2025-11-01 20:29","41.82","42.48","100","-0.66","87.65"
"2025-11-01 20:30","42.55","43.21","100","-0.66","87.65"
"2025-11-01 20:31","38.55","39.21","100","-0.66","87.65"
"2025-11-01 20:32","46.09","46.75","100","-0.66","87.65"
"2025-11-01 20:33","47.37","48.03","100","-0.66","87.65"
"2025-11-01 20:34","48.2","48.86","100","-0.66","87.65"
"2025-11-01 20:35","35.37","36.03","100","-0.66","87.65"
"2025-11-01 20:36","34.59","35.25","100","-0.66","87.65"
"2025-11-01 20:37","34.69","35.36","100","-0.67","87.65"
"2025-11-01 20:38","36.74","37.4","100","-0.66","87.65"
"2025-11-01 20:39","38","38.66","100","-0.66","87.65"
"2025-11-01 20:40","40.88","41.54","100","-0.66","87.65"
"2025-11-01 20:41","47.67","48.33","100","-0.66","87.65"
"2025-11-01 20:42","47.97","48.63","100","-0.66","87.65"
"2025-11-01 20:43","44.96","45.62","100","-0.66","87.65"
"2025-11-01 20:44","41.91","42.57","100","-0.66","87.65"
"2025-11-01 20:45","40.39","41.04","100","-0.65","87.65"
"2025-11-01 20:46","42.06","42.72","100","-0.66","87.65"
"2025-11-01 20:47","39.4","40.06","100","-0.66","87.65"
"2025-11-01 20:48","40.17","40.83","100","-0.66","87.65"
"2025-11-01 20:49","51.12","51.78","100","-0.66","87.65"
"2025-11-01 20:50","51.99","52.65","100","-0.66","87.65"
"2025-11-01 20:51","52.34","53","100","-0.66","87.65"
"2025-11-01 20:52","43.61","44.28","100","-0.67","87.65"
"2025-11-01 20:53","44.23","44.89","100","-0.66","87.65"
"2025-11-01 20:54","42.25","42.91","100","-0.66","87.65"
"2025-11-01 20:55","41.96","42.62","100","-0.66","87.65"
"2025-11-01 20:56","42.74","43.4","100","-0.66","87.65"
"2025-11-01 20:57","51.21","51.87","100","-0.66","87.65"
"2025-11-01 20:58","53.52","54.17","100","-0.65","87.65"
"2025-11-01 20:59","48.92","49.58","100","-0.66","87.65"
"2025-11-01 21:00","37.12","37.78","100","-0.66","87.65"
"2025-11-01 21:01","36.09","36.75","100","-0.66","87.65"
"2025-11-01 21:02","36.73","37.39","100","-0.66","87.65"
"2025-11-01 21:03","36.76","37.42","100","-0.66","87.65"
"2025-11-01 21:04","36.81","37.47","100","-0.66","87.65"
"2025-11-01 21:05","41.03","41.69","100","-0.66","87.65"
"2025-11-01 21:06","46.72","47.38","100","-0.66","87.65"
"2025-11-01 21:07","49.59","50.25","100","-0.66","87.65"
"2025-11-01 21:08","46.09","46.75","100","-0.66","87.65"
"2025-11-01 21:09","39.26","39.92","100","-0.66","87.65"
"2025-11-01 21:10","39.42","40.08","100","-0.66","87.65"
"2025-11-01 21:11","37.99","38.65","100","-0.66","87.65"
"2025-11-01 21:12","44.89","45.55","100","-0.66","87.65"
"2025-11-01 21:13","41.67","42.33","100","-0.66","87.65"
"2025-11-01 21:14","49.48","50.14","100","-0.66","87.65"
"2025-11-01 21:15","49.11","49.78","100","-0.67","87.65"
"2025-11-01 21:16","46.93","47.59","100","-0.66","87.65"
"2025-11-01 21:17","38.46","39.12","100","-0.66","87.65"
"2025-11-01 21:18","39.95","40.61","100","-0.66","87.65"
"2025-11-01 21:19","38.46","39.12","100","-0.66","87.65"
"2025-11-01 21:20","40.09","40.75","100","-0.66","87.65"
"2025-11-01 21:21","40.63","41.29","100","-0.66","87.65"
"2025-11-01 21:22","49.54","50.2","100","-0.66","87.65"
"2025-11-01 21:23","48.16","48.82","100","-0.66","87.65"
"2025-11-01 21:24","47.76","48.42","100","-0.66","87.65"
"2025-11-01 21:25","39.05","39.71","100","-0.66","87.65"
"2025-11-01 21:26","40.28","40.94","100","-0.66","87.65"
"2025-11-01 21:27","34.99","35.65","100","-0.66","87.65"
"2025-11-01 21:28","35.17","35.83","100","-0.66","87.65"
"2025-11-01 21:29","35.71","36.37","100","-0.66","87.65"
"2025-11-01 21:30","43.07","43.73","100","-0.66","87.65"
"2025-11-01 21:31","47.58","48.24","100","-0.66","87.65"
"2025-11-01 21:32","45.51","46.17","100","-0.66","87.65"
"2025-11-01 21:33","41.98","42.64","100","-0.66","87.65"
"2025-11-01 21:34","37.06","37.72","100","-0.66","87.65"
"2025-11-01 21:35","39.39","40.05","100","-0.66","87.65"
"2025-11-01 21:36","37.2","37.86","100","-0.66","87.65"
"2025-11-01 21:37","38.93","39.59","100","-0.66","87.65"
"2025-11-01 21:38","40.09","40.75","100","-0.66","87.65"
"2025-11-01 21:39","51.45","52.11","100","-0.66","87.65"
"2025-11-01 21:40","53.63","54.29","100","-0.66","87.65"
"2025-11-01 21:41","53.02","53.68","100","-0.66","87.65"
"2025-11-01 21:42","40.09","40.75","100","-0.66","87.65"
"2025-11-01 21:43","40.77","41.43","100","-0.66","87.65"
"2025-11-01 21:44","41.7","42.36","100","-0.66","87.65"
"2025-11-01 21:45","42.08","42.74","100","-0.66","87.65"
"2025-11-01 21:46","40.9","41.56","100","-0.66","87.65"
"2025-11-01 21:47","50.49","51.15","100","-0.66","87.65"
"2025-11-01 21:48","49.15","49.81","100","-0.66","87.65"
"2025-11-01 21:49","50.99","51.65","100","-0.66","87.65"
"2025-11-01 21:50","40.1","40.76","100","-0.66","87.65"
"2025-11-01 21:51","39.51","40.17","100","-0.66","87.65"
"2025-11-01 21:52","41.5","42.17","100","-0.67","87.65"
"2025-11-01 21:53","41.96","42.62","100","-0.66","87.65"
"2025-11-01 21:54","41.42","42.08","100","-0.66","87.65"
"2025-11-01 21:55","41.73","42.4","100","-0.67","87.65"
"2025-11-01 21:56","46.55","47.22","100","-0.67","87.65"
"2025-11-01 21:57","47.46","48.13","100","-0.67","87.65"
"2025-11-01 21:58","44.96","45.63","100","-0.67","87.65"
"2025-11-01 21:59","39.82","40.49","100","-0.67","87.65"
"2025-11-01 22:00","37.05","37.72","100","-0.67","87.65"
"2025-11-01 22:01","36.93","37.6","100","-0.67","87.65"
"2025-11-01 22:02","37.61","38.28","100","-0.67","87.65"
"2025-11-01 22:03","39.62","40.28","100","-0.66","87.65"
"2025-11-01 22:04","49.88","50.55","100","-0.67","87.65"
"2025-11-01 22:05","48.48","49.15","100","-0.67","87.65"
"2025-11-01 22:06","47.71","48.38","100","-0.67","87.65"
"2025-11-01 22:07","37.89","38.55","100","-0.66","87.65"
"2025-11-01 22:08","43.4","44.07","100","-0.67","87.65"
"2025-11-01 22:09","44.15","44.82","100","-0.67","87.65"
"2025-11-01 22:10","42.19","42.86","100","-0.67","87.65"
"2025-11-01 22:11","43.86","44.53","100","-0.67","87.65"
"2025-11-01 22:12","48.59","49.26","100","-0.67","87.65"
"2025-11-01 22:13","51.58","52.25","100","-0.67","87.65"
"2025-11-01 22:14","50.38","51.05","100","-0.67","87.65"
"2025-11-01 22:15","39.03","39.7","100","-0.67","87.65"
"2025-11-01 22:16","39.77","40.44","100","-0.67","87.65"
"2025-11-01 22:17","46.09","46.76","100","-0.67","87.65"
"2025-11-01 22:18","43.4","44.07","100","-0.67","87.65"
"2025-11-01 22:19","42.04","42.71","100","-0.67","87.65"
"2025-11-01 22:20","45.78","46.45","100","-0.67","87.65"
"2025-11-01 22:21","50.8","51.47","100","-0.67","87.65"
"2025-11-01 22:22","51.75","52.43","100","-0.68","87.65"
"2025-11-01 22:23","43.45","44.12","100","-0.67","87.65"
"2025-11-01 22:24","36.67","37.33","100","-0.66","87.65"
"2025-11-01 22:25","37.3","37.97","100","-0.67","87.65"
"2025-11-01 22:26","38.04","38.71","100","-0.67","87.65"
"2025-11-01 22:27","39.06","39.73","100","-0.67","87.65"
"2025-11-01 22:28","38.78","39.45","100","-0.67","87.65"
"2025-11-01 22:29","47.28","47.96","100","-0.68","87.65"
"2025-11-01 22:30","46.25","46.92","100","-0.67","87.65"
"2025-11-01 22:31","47.58","48.25","100","-0.67","87.65"
"2025-11-01 22:32","36.75","37.42","100","-0.67","87.65"
"2025-11-01 22:33","36.76","37.44","100","-0.68","87.65"
"2025-11-01 22:34","35.86","36.53","100","-0.67","87.65"
"2025-11-01 22:35","39.05","39.72","100","-0.67","87.65"
"2025-11-01 22:36","39.26","39.93","100","-0.67","87.65"
"2025-11-01 22:37","50.1","50.77","100","-0.67","87.65"
"2025-11-01 22:38","50.54","51.21","100","-0.67","87.65"
"2025-11-01 22:39","50.52","51.19","100","-0.67","87.65"
"2025-11-01 22:40","42.87","43.54","100","-0.67","87.65"
"2025-11-01 22:41","43.95","44.62","100","-0.67","87.65"
"2025-11-01 22:42","41.04","41.71","100","-0.67","87.65"
"2025-11-01 22:43","39.16","39.83","100","-0.67","87.65"
"2025-11-01 22:44","39.49","40.17","100","-0.68","87.65"
"2025-11-01 22:45","44.41","45.08","100","-0.67","87.65"
"2025-11-01 22:46","51.3","51.97","100","-0.67","87.65"
"2025-11-01 22:47","50.21","50.89","100","-0.68","87.65"
"2025-11-01 22:48","43.23","43.9","100","-0.67","87.65"
"2025-11-01 22:49","38.08","38.75","100","-0.67","87.65"
"2025-11-01 22:50","39.2","39.88","100","-0.68","87.65"
"2025-11-01 22:51","37.77","38.44","100","-0.67","87.65"
"2025-11-01 22:52","38.73","39.41","100","-0.68","87.65"
"2025-11-01 22:53","39.65","40.33","100","-0.68","87.65"
"2025-11-01 22:54","46.59","47.27","100","-0.68","87.65"
"2025-11-01 22:55","46.57","47.25","100","-0.68","87.65"
"2025-11-01 22:56","48.31","48.99","100","-0.68","87.65"
"2025-11-01 22:57","37.07","37.75","100","-0.68","87.65"
"2025-11-01 22:58","36.2","36.88","100","-0.68","87.65"
"2025-11-01 22:59","35.94","36.61","100","-0.67","87.65"
"2025-11-01 23:00","36.03","36.71","100","-0.68","87.65"
"2025-11-01 23:01","37.54","38.21","100","-0.67","87.65"
"2025-11-01 23:02","43.65","44.33","100","-0.68","87.65"
"2025-11-01 23:03","48.41","49.09","100","-0.68","87.65"
"2025-11-01 23:04","48.94","49.62","100","-0.68","87.65"
"2025-11-01 23:05","40.43","41.11","100","-0.68","87.65"
"2025-11-01 23:06","40.38","41.06","100","-0.68","87.65"
"2025-11-01 23:07","40.69","41.37","100","-0.68","87.65"
"2025-11-01 23:08","40.64","41.32","100","-0.68","87.65"
"2025-11-01 23:09","41.23","41.91","100","-0.68","87.65"
"2025-11-01 23:10","47.52","48.2","100","-0.68","87.65"
"2025-11-01 23:11","51.73","52.41","100","-0.68","87.65"
"2025-11-01 23:12","50.12","50.8","100","-0.68","87.65"
"2025-11-01 23:13","46.81","47.49","100","-0.68","87.65"
"2025-11-01 23:14","43.48","44.15","100","-0.67","87.65"
"2025-11-01 23:15","42.49","43.16","100","-0.67","87.65"
"2025-11-01 23:16","41.66","42.34","100","-0.68","87.65"
"2025-11-01 23:17","41.57","42.25","100","-0.68","87.65"
"2025-11-01 23:18","43.4","44.08","100","-0.68","87.65"
"2025-11-01 23:19","46.99","47.66","100","-0.67","87.65"
"2025-11-01 23:20","45.39","46.06","100","-0.67","87.65"
"2025-11-01 23:21","48.76","49.44","100","-0.68","87.65"
"2025-11-01 23:22","34.29","34.97","100","-0.68","87.65"
"2025-11-01 23:23","38.78","39.46","100","-0.68","87.65"
"2025-11-01 23:24","38.3","38.98","100","-0.68","87.65"
"2025-11-01 23:25","37.56","38.24","100","-0.68","87.65"
"2025-11-01 23:26","37.36","38.04","100","-0.68","87.65"
"2025-11-01 23:27","45.48","46.16","100","-0.68","87.65"
"2025-11-01 23:28","47.32","48","100","-0.68","87.65"
"2025-11-01 23:29","46.56","47.23","100","-0.67","87.65"
"2025-11-01 23:30","38.68","39.36","100","-0.68","87.65"
"2025-11-01 23:31","37.89","38.57","100","-0.68","87.65"
"2025-11-01 23:32","38.79","39.47","100","-0.68","87.65"
"2025-11-01 23:33","38.8","39.48","100","-0.68","87.65"
"2025-11-01 23:34","38.08","38.76","100","-0.68","87.65"
"2025-11-01 23:35","42.68","43.36","100","-0.68","87.65"
"2025-11-01 23:36","54.6","55.27","100","-0.67","87.65"
"2025-11-01 23:37","48.66","49.34","100","-0.68","87.65"
"2025-11-01 23:38","43.84","44.52","100","-0.68","87.65"
"2025-11-01 23:39","39.46","40.14","100","-0.68","87.65"
"2025-11-01 23:40","40.51","41.19","100","-0.68","87.65"
"2025-11-01 23:41","40.9","41.58","100","-0.68","87.65"
"2025-11-01 23:42","41.03","41.71","100","-0.68","87.65"
"2025-11-01 23:43","44.35","45.02","100","-0.67","87.65"
"2025-11-01 23:44","49.15","49.83","100","-0.68","87.65"
"2025-11-01 23:45","48.42","49.1","100","-0.68","87.65"
"2025-11-01 23:46","46.1","46.78","100","-0.68","87.65"
"2025-11-01 23:47","35.39","36.07","100","-0.68","87.65"
"2025-11-01 23:48","34.78","35.45","100","-0.67","87.65"
"2025-11-01 23:49","34.47","35.15","100","-0.68","87.65"
"2025-11-01 23:50","36.61","37.28","100","-0.67","87.65"
"2025-11-01 23:51","38.66","39.34","100","-0.68","87.65"
"2025-11-01 23:52","46.25","46.93","100","-0.68","87.65"
"2025-11-01 23:53","47.53","48.21","100","-0.68","87.65"
"2025-11-01 23:54","46.2","46.88","100","-0.68","87.65"
"2025-11-01 23:55","38.08","38.76","100","-0.68","87.65"
"2025-11-01 23:56","38.38","39.06","100","-0.68","87.65"
"2025-11-01 23:57","39.29","39.97","100","-0.68","87.65"
"2025-11-01 23:58","43.85","44.53","100","-0.68","87.65"
"2025-11-01 23:59","47.74","48.43","100","-0.69","87.65"